Class,Value,Timestamp
Bedroom,1,2019-03-07 16:51:17
Bedroom,0,2019-03-07 17:15:42
Bedroom,1,2019-03-08 09:05:04
Bedroom,0,2019-03-08 09:07:23
Bedroom,1,2019-03-08 09:09:10
Bedroom,0,2019-03-08 09:13:21
Bedroom,1,2019-03-08 09:13:38
Bedroom,0,2019-03-08 09:15:58
Bedroom,1,2019-03-08 13:38:34
Bedroom,0,2019-03-08 13:40:52
Bedroom,1,2019-03-09 09:38:16
Bedroom,0,2019-03-09 09:40:28
Bedroom,1,2019-03-09 10:06:29
Bedroom,0,2019-03-09 10:08:47
Bedroom,1,2019-03-09 10:10:34
Bedroom,0,2019-03-09 10:14:42
Bedroom,1,2019-03-09 10:15:15
Bedroom,0,2019-03-09 10:19:30
Bedroom,1,2019-03-09 10:19:45
Bedroom,0,2019-03-09 10:21:57
Bedroom,1,2019-03-09 10:22:39
Bedroom,0,2019-03-09 10:24:52
Bedroom,1,2019-03-09 10:25:39
Bedroom,0,2019-03-09 10:27:50
Bedroom,1,2019-03-09 10:28:02
Bedroom,0,2019-03-09 10:30:11
Bedroom,1,2019-03-09 10:30:39
Bedroom,0,2019-03-09 10:36:55
Bedroom,1,2019-03-09 10:37:19
Bedroom,0,2019-03-09 10:39:31
Bedroom,1,2019-03-09 10:42:36
Bedroom,0,2019-03-09 10:44:55
Bedroom,1,2019-03-09 10:51:26
Bedroom,0,2019-03-09 10:55:46
Bedroom,1,2019-03-10 09:04:42
Bedroom,0,2019-03-10 09:13:15
Bedroom,1,2019-03-10 09:13:27
Bedroom,0,2019-03-10 09:15:46
Bedroom,1,2019-03-10 09:17:13
Bedroom,0,2019-03-10 09:19:27
Bedroom,1,2019-03-10 17:07:34
Bedroom,0,2019-03-10 17:14:01
Bedroom,1,2019-03-11 07:00:55
Bedroom,0,2019-03-11 07:07:21
Bedroom,1,2019-03-11 07:43:23
Bedroom,0,2019-03-11 07:45:30
Bedroom,1,2019-03-11 07:45:48
Bedroom,0,2019-03-11 07:55:54
Bedroom,1,2019-03-11 07:56:18
Bedroom,0,2019-03-11 07:58:32
Bedroom,1,2019-03-11 07:59:03
Bedroom,0,2019-03-11 08:01:14
Bedroom,1,2019-03-11 08:09:35
Bedroom,0,2019-03-11 08:16:01
Bedroom,1,2019-03-11 08:19:14
Bedroom,0,2019-03-11 08:25:42
Bedroom,1,2019-03-11 08:27:28
Bedroom,0,2019-03-11 08:31:55
Bedroom,1,2019-03-11 08:33:54
Bedroom,0,2019-03-11 08:36:16
Bedroom,1,2019-03-11 08:37:24
Bedroom,0,2019-03-11 08:39:35
Bedroom,1,2019-03-11 08:40:18
Bedroom,0,2019-03-11 08:42:37
Bedroom,1,2019-03-11 08:45:21
Bedroom,0,2019-03-11 08:47:39
Bedroom,1,2019-03-11 08:48:54
Bedroom,0,2019-03-11 08:53:19
Bedroom,1,2019-03-11 09:07:28
Bedroom,0,2019-03-11 09:09:39
Bedroom,1,2019-03-11 17:05:33
Bedroom,0,2019-03-11 17:07:45
Bedroom,1,2019-03-11 17:11:07
Bedroom,0,2019-03-11 17:13:26
Bedroom,1,2019-03-11 17:29:29
Bedroom,0,2019-03-11 17:31:56
Bedroom,1,2019-03-11 17:33:24
Bedroom,0,2019-03-11 17:35:36
Bedroom,1,2019-03-11 18:45:13
Bedroom,0,2019-03-11 18:47:21
Bedroom,1,2019-03-11 18:49:35
Bedroom,0,2019-03-11 18:52:01
Bedroom,1,2019-03-11 18:54:24
Bedroom,0,2019-03-11 18:56:35
Bedroom,1,2019-03-11 20:25:40
Bedroom,0,2019-03-11 20:27:58
Bedroom,1,2019-03-11 20:51:36
Bedroom,0,2019-03-11 20:58:02
Bedroom,1,2019-03-11 20:58:20
Bedroom,0,2019-03-11 21:00:30
Bedroom,1,2019-03-11 21:01:05
Bedroom,0,2019-03-11 21:03:19
Bedroom,1,2019-03-11 21:03:30
Bedroom,0,2019-03-11 21:05:41
Bedroom,1,2019-03-11 21:09:59
Bedroom,0,2019-03-11 21:12:10
Bedroom,1,2019-03-11 23:50:57
Bedroom,0,2019-03-11 23:55:13
Bedroom,1,2019-03-11 23:56:53
Bedroom,0,2019-03-11 23:59:12
Bedroom,1,2019-03-12 00:04:12
Bedroom,0,2019-03-12 00:06:31
Bedroom,1,2019-03-12 01:57:17
Bedroom,0,2019-03-12 01:59:28
Bedroom,1,2019-03-12 02:54:59
Bedroom,0,2019-03-12 02:57:11
Bedroom,1,2019-03-12 03:46:09
Bedroom,0,2019-03-12 03:48:28
Bedroom,1,2019-03-12 04:31:33
Bedroom,0,2019-03-12 04:33:47
Bedroom,1,2019-03-12 04:34:01
Bedroom,0,2019-03-12 04:36:13
Bedroom,1,2019-03-12 05:49:00
Bedroom,0,2019-03-12 05:51:14
Bedroom,1,2019-03-12 06:03:51
Bedroom,0,2019-03-12 06:06:10
Bedroom,1,2019-03-12 06:11:28
Bedroom,0,2019-03-12 06:13:43
Bedroom,1,2019-03-12 06:21:29
Bedroom,0,2019-03-12 06:27:46
Bedroom,1,2019-03-12 06:30:28
Bedroom,0,2019-03-12 06:32:47
Bedroom,1,2019-03-12 06:57:49
Bedroom,0,2019-03-12 07:02:06
Bedroom,1,2019-03-12 07:18:54
Bedroom,0,2019-03-12 07:21:21
Bedroom,1,2019-03-12 07:34:31
Bedroom,0,2019-03-12 07:36:44
Bedroom,1,2019-03-12 07:42:54
Bedroom,0,2019-03-12 07:45:02
Bedroom,1,2019-03-12 07:48:02
Bedroom,0,2019-03-12 07:52:14
Bedroom,1,2019-03-12 07:55:58
Bedroom,0,2019-03-12 08:00:16
Bedroom,1,2019-03-12 08:00:41
Bedroom,0,2019-03-12 08:11:10
Bedroom,1,2019-03-12 08:27:12
Bedroom,0,2019-03-12 08:29:24
Bedroom,1,2019-03-12 08:41:55
Bedroom,0,2019-03-12 08:44:08
Bedroom,1,2019-03-12 08:48:13
Bedroom,0,2019-03-12 08:50:24
Bedroom,1,2019-03-12 09:12:05
Bedroom,0,2019-03-12 09:14:31
Bedroom,1,2019-03-12 09:46:40
Bedroom,0,2019-03-12 09:48:57
Bedroom,1,2019-03-12 10:18:52
Bedroom,0,2019-03-12 10:21:03
Bedroom,1,2019-03-12 15:05:39
Bedroom,0,2019-03-12 15:07:53
Bedroom,1,2019-03-12 15:08:50
Bedroom,0,2019-03-12 15:10:56
Bedroom,1,2019-03-12 15:12:59
Bedroom,0,2019-03-12 15:15:11
Bedroom,1,2019-03-12 17:58:58
Bedroom,0,2019-03-12 18:01:09
Bedroom,1,2019-03-12 18:03:56
Bedroom,0,2019-03-12 18:10:21
Bedroom,1,2019-03-12 19:09:13
Bedroom,0,2019-03-12 19:11:24
Bedroom,1,2019-03-12 20:08:58
Bedroom,0,2019-03-12 20:11:24
Bedroom,1,2019-03-12 20:22:39
Bedroom,0,2019-03-12 20:29:32
Bedroom,1,2019-03-12 20:29:44
Bedroom,0,2019-03-12 20:32:10
Bedroom,1,2019-03-12 22:02:47
Bedroom,0,2019-03-12 22:05:05
Bedroom,1,2019-03-12 22:07:20
Bedroom,0,2019-03-12 22:09:33
Bedroom,1,2019-03-13 04:44:17
Bedroom,0,2019-03-13 04:46:32
Bedroom,1,2019-03-13 06:01:37
Bedroom,0,2019-03-13 06:03:55
Bedroom,1,2019-03-13 06:13:04
Bedroom,0,2019-03-13 06:17:32
Bedroom,1,2019-03-13 06:46:01
Bedroom,0,2019-03-13 06:48:27
Bedroom,1,2019-03-13 07:49:57
Bedroom,0,2019-03-13 07:52:15
Bedroom,1,2019-03-13 07:52:30
Bedroom,0,2019-03-13 07:58:51
Bedroom,1,2019-03-13 07:59:09
Bedroom,0,2019-03-13 08:05:14
Bedroom,1,2019-03-13 08:29:18
Bedroom,0,2019-03-13 08:31:39
Bedroom,1,2019-03-13 08:46:57
Bedroom,0,2019-03-13 08:51:27
Bedroom,1,2019-03-13 08:52:25
Bedroom,0,2019-03-13 08:54:36
Bedroom,1,2019-03-13 08:55:27
Bedroom,0,2019-03-13 08:57:39
Bedroom,1,2019-03-13 08:57:52
Bedroom,0,2019-03-13 09:00:12
Bedroom,1,2019-03-13 14:40:18
Bedroom,0,2019-03-13 14:42:33
Bedroom,1,2019-03-13 14:46:54
Bedroom,0,2019-03-13 14:49:12
Bedroom,1,2019-03-13 17:08:53
Bedroom,0,2019-03-13 17:11:11
Bedroom,1,2019-03-13 17:11:23
Bedroom,0,2019-03-13 17:15:45
Bedroom,1,2019-03-13 18:01:48
Bedroom,0,2019-03-13 18:08:01
Bedroom,1,2019-03-13 20:23:40
Bedroom,0,2019-03-13 20:25:59
Bedroom,1,2019-03-13 20:26:10
Bedroom,0,2019-03-13 20:32:28
Bedroom,1,2019-03-13 20:35:39
Bedroom,0,2019-03-13 20:37:54
Bedroom,1,2019-03-13 21:43:36
Bedroom,0,2019-03-13 21:45:43
Bedroom,1,2019-03-13 22:26:54
Bedroom,0,2019-03-13 22:29:20
Bedroom,1,2019-03-13 22:30:23
Bedroom,0,2019-03-13 22:32:42
Bedroom,1,2019-03-14 03:17:18
Bedroom,0,2019-03-14 03:19:36
Bedroom,1,2019-03-14 05:27:05
Bedroom,0,2019-03-14 05:29:16
Bedroom,1,2019-03-14 06:05:19
Bedroom,0,2019-03-14 06:07:30
Bedroom,1,2019-03-14 06:10:49
Bedroom,0,2019-03-14 06:15:24
Bedroom,1,2019-03-14 06:32:37
Bedroom,0,2019-03-14 06:34:49
Bedroom,1,2019-03-14 06:48:18
Bedroom,0,2019-03-14 06:50:26
Bedroom,1,2019-03-14 07:39:52
Bedroom,0,2019-03-14 07:42:11
Bedroom,1,2019-03-14 07:42:30
Bedroom,0,2019-03-14 07:48:41
Bedroom,1,2019-03-14 07:48:59
Bedroom,0,2019-03-14 07:57:18
Bedroom,1,2019-03-14 08:26:25
Bedroom,0,2019-03-14 08:30:33
Bedroom,1,2019-03-14 08:34:34
Bedroom,0,2019-03-14 08:36:45
Bedroom,1,2019-03-14 08:39:49
Bedroom,0,2019-03-14 08:42:00
Bedroom,1,2019-03-14 08:42:40
Bedroom,0,2019-03-14 08:45:05
Bedroom,1,2019-03-14 15:26:30
Bedroom,0,2019-03-14 15:28:57
Bedroom,1,2019-03-14 16:39:01
Bedroom,0,2019-03-14 16:41:28
Bedroom,1,2019-03-14 17:39:17
Bedroom,0,2019-03-14 17:41:42
Bedroom,1,2019-03-14 18:01:05
Bedroom,0,2019-03-14 18:03:23
Bedroom,1,2019-03-14 19:50:13
Bedroom,0,2019-03-14 19:52:31
Bedroom,1,2019-03-14 20:00:36
Bedroom,0,2019-03-14 20:03:02
Bedroom,1,2019-03-14 20:23:07
Bedroom,0,2019-03-14 20:27:33
Bedroom,1,2019-03-14 21:49:27
Bedroom,0,2019-03-14 21:51:38
Bedroom,1,2019-03-14 22:01:56
Bedroom,0,2019-03-14 22:04:23
Bedroom,1,2019-03-14 22:06:32
Bedroom,0,2019-03-14 22:08:43
Bedroom,1,2019-03-15 03:58:58
Bedroom,0,2019-03-15 04:01:16
Bedroom,1,2019-03-15 04:02:37
Bedroom,0,2019-03-15 04:04:55
Bedroom,1,2019-03-15 05:52:49
Bedroom,0,2019-03-15 05:55:08
Bedroom,1,2019-03-15 06:03:17
Bedroom,0,2019-03-15 06:07:22
Bedroom,1,2019-03-15 06:13:13
Bedroom,0,2019-03-15 06:15:24
Bedroom,1,2019-03-15 06:23:51
Bedroom,0,2019-03-15 06:26:05
Bedroom,1,2019-03-15 06:26:30
Bedroom,0,2019-03-15 06:28:56
Bedroom,1,2019-03-15 06:49:36
Bedroom,0,2019-03-15 06:51:48
Bedroom,1,2019-03-15 06:54:00
Bedroom,0,2019-03-15 07:06:40
Bedroom,1,2019-03-15 07:59:04
Bedroom,0,2019-03-15 08:01:32
Bedroom,1,2019-03-15 08:02:09
Bedroom,0,2019-03-15 08:04:20
Bedroom,1,2019-03-15 08:13:15
Bedroom,0,2019-03-15 08:17:17
Bedroom,1,2019-03-15 08:20:43
Bedroom,0,2019-03-15 08:27:04
Bedroom,1,2019-03-15 08:29:37
Bedroom,0,2019-03-15 08:31:52
Bedroom,1,2019-03-15 08:43:51
Bedroom,0,2019-03-15 08:45:59
Bedroom,1,2019-03-15 09:27:24
Bedroom,0,2019-03-15 09:29:35
Bedroom,1,2019-03-15 14:45:01
Bedroom,0,2019-03-15 14:47:08
Bedroom,1,2019-03-15 14:51:43
Bedroom,0,2019-03-15 14:53:54
Bedroom,1,2019-03-15 15:34:50
Bedroom,0,2019-03-15 15:37:08
Bedroom,1,2019-03-15 16:39:42
Bedroom,0,2019-03-15 16:41:54
Bedroom,1,2019-03-15 16:51:45
Bedroom,0,2019-03-15 16:53:52
Bedroom,1,2019-03-15 17:19:17
Bedroom,0,2019-03-15 17:21:35
Bedroom,1,2019-03-15 17:53:28
Bedroom,0,2019-03-15 17:55:34
Bedroom,1,2019-03-15 19:36:40
Bedroom,0,2019-03-15 19:38:56
Bedroom,1,2019-03-15 20:02:19
Bedroom,0,2019-03-15 20:04:31
Bedroom,1,2019-03-15 20:18:10
Bedroom,0,2019-03-15 20:20:35
Bedroom,1,2019-03-15 20:21:02
Bedroom,0,2019-03-15 20:23:21
Bedroom,1,2019-03-15 21:59:16
Bedroom,0,2019-03-15 22:03:26
Bedroom,1,2019-03-15 22:05:11
Bedroom,0,2019-03-15 22:09:28
Bedroom,1,2019-03-16 03:17:04
Bedroom,0,2019-03-16 03:19:15
Bedroom,1,2019-03-16 03:21:05
Bedroom,0,2019-03-16 03:23:31
Bedroom,1,2019-03-16 05:16:10
Bedroom,0,2019-03-16 05:18:17
Bedroom,1,2019-03-16 05:55:34
Bedroom,0,2019-03-16 05:57:41
Bedroom,1,2019-03-16 06:20:41
Bedroom,0,2019-03-16 06:22:55
Bedroom,1,2019-03-16 06:23:12
Bedroom,0,2019-03-16 06:25:30
Bedroom,1,2019-03-16 06:29:52
Bedroom,0,2019-03-16 06:36:11
Bedroom,1,2019-03-16 06:58:12
Bedroom,0,2019-03-16 07:00:19
Bedroom,1,2019-03-16 07:15:37
Bedroom,0,2019-03-16 07:17:49
Bedroom,1,2019-03-16 07:42:32
Bedroom,0,2019-03-16 07:44:51
Bedroom,1,2019-03-16 08:05:40
Bedroom,0,2019-03-16 08:07:48
Bedroom,1,2019-03-16 08:10:43
Bedroom,0,2019-03-16 08:19:25
Bedroom,1,2019-03-16 08:19:36
Bedroom,0,2019-03-16 08:21:48
Bedroom,1,2019-03-16 08:24:55
Bedroom,0,2019-03-16 08:27:13
Bedroom,1,2019-03-16 08:33:15
Bedroom,0,2019-03-16 08:37:32
Bedroom,1,2019-03-16 09:01:48
Bedroom,0,2019-03-16 09:03:59
Bedroom,0,2019-03-18 10:38:32
Bedroom,1,2019-03-18 14:45:27
Bedroom,0,2019-03-18 14:47:41
Bedroom,1,2019-03-18 15:15:18
Bedroom,0,2019-03-18 15:17:27
Bedroom,1,2019-03-18 16:22:10
Bedroom,0,2019-03-18 16:26:40
Bedroom,1,2019-03-18 16:49:19
Bedroom,0,2019-03-18 16:51:35
Bedroom,1,2019-03-18 16:58:51
Bedroom,0,2019-03-18 17:01:06
Bedroom,1,2019-03-18 17:43:58
Bedroom,0,2019-03-18 17:46:11
Bedroom,1,2019-03-18 17:46:47
Bedroom,0,2019-03-18 17:49:15
Bedroom,1,2019-03-18 17:55:24
Bedroom,0,2019-03-18 17:57:38
Bedroom,1,2019-03-18 17:57:57
Bedroom,0,2019-03-18 18:00:18
Bedroom,1,2019-03-18 19:55:12
Bedroom,0,2019-03-18 19:57:26
Bedroom,1,2019-03-18 19:59:00
Bedroom,0,2019-03-18 20:01:21
Bedroom,1,2019-03-18 20:09:46
Bedroom,0,2019-03-18 20:12:07
Bedroom,1,2019-03-18 20:21:34
Bedroom,0,2019-03-18 20:30:07
Bedroom,1,2019-03-18 20:42:21
Bedroom,0,2019-03-18 20:44:43
Bedroom,1,2019-03-18 21:35:51
Bedroom,0,2019-03-18 21:38:05
Bedroom,1,2019-03-18 22:49:53
Bedroom,0,2019-03-18 22:52:14
Bedroom,1,2019-03-18 22:53:31
Bedroom,0,2019-03-18 22:55:45
Bedroom,1,2019-03-19 03:46:07
Bedroom,0,2019-03-19 03:48:29
Bedroom,1,2019-03-19 03:49:34
Bedroom,0,2019-03-19 03:51:48
Bedroom,1,2019-03-19 05:33:14
Bedroom,0,2019-03-19 05:35:27
Bedroom,1,2019-03-19 05:46:27
Bedroom,0,2019-03-19 05:48:57
Bedroom,1,2019-03-19 05:58:59
Bedroom,0,2019-03-19 06:01:15
Bedroom,1,2019-03-19 06:18:58
Bedroom,0,2019-03-19 06:23:28
Bedroom,1,2019-03-19 06:47:27
Bedroom,0,2019-03-19 06:49:45
Bedroom,1,2019-03-19 06:50:00
Bedroom,0,2019-03-19 06:56:07
Bedroom,1,2019-03-19 06:56:19
Bedroom,0,2019-03-19 07:00:42
Bedroom,1,2019-03-19 07:42:07
Bedroom,0,2019-03-19 07:44:28
Bedroom,1,2019-03-19 07:49:11
Bedroom,0,2019-03-19 07:51:28
Bedroom,1,2019-03-19 08:05:25
Bedroom,0,2019-03-19 08:07:38
Bedroom,1,2019-03-19 08:08:04
Bedroom,0,2019-03-19 08:10:25
Bedroom,1,2019-03-19 12:34:55
Bedroom,0,2019-03-19 12:37:16
Bedroom,1,2019-03-19 12:39:34
Bedroom,0,2019-03-19 12:41:51
Bedroom,1,2019-03-19 12:53:01
Bedroom,0,2019-03-19 12:55:14
Bedroom,1,2019-03-19 16:47:19
Bedroom,0,2019-03-19 16:49:32
Bedroom,1,2019-03-19 17:02:16
Bedroom,0,2019-03-19 17:04:29
Bedroom,1,2019-03-19 17:04:49
Bedroom,0,2019-03-19 17:07:04
Bedroom,1,2019-03-19 17:07:36
Bedroom,0,2019-03-19 17:09:56
Bedroom,1,2019-03-19 17:21:09
Bedroom,0,2019-03-19 17:23:19
Bedroom,1,2019-03-19 17:52:59
Bedroom,0,2019-03-19 17:55:08
Bedroom,1,2019-03-19 18:02:27
Bedroom,0,2019-03-19 18:04:48
Bedroom,1,2019-03-19 18:06:17
Bedroom,0,2019-03-19 18:08:38
Bedroom,1,2019-03-19 18:27:40
Bedroom,0,2019-03-19 18:29:50
Bedroom,1,2019-03-19 18:33:16
Bedroom,0,2019-03-19 18:35:26
Bedroom,1,2019-03-19 18:37:01
Bedroom,0,2019-03-19 18:39:14
Bedroom,1,2019-03-19 18:41:57
Bedroom,0,2019-03-19 18:44:05
Bedroom,1,2019-03-19 20:01:22
Bedroom,0,2019-03-19 20:03:51
Bedroom,1,2019-03-19 20:25:55
Bedroom,0,2019-03-19 20:30:10
Bedroom,1,2019-03-19 20:31:38
Bedroom,0,2019-03-19 20:33:54
Bedroom,1,2019-03-19 21:55:25
Bedroom,0,2019-03-19 21:57:53
Bedroom,1,2019-03-19 21:59:44
Bedroom,0,2019-03-19 22:01:53
Bedroom,1,2019-03-20 02:32:29
Bedroom,0,2019-03-20 02:34:47
Bedroom,1,2019-03-20 02:36:14
Bedroom,0,2019-03-20 02:38:35
Bedroom,1,2019-03-20 05:26:17
Bedroom,0,2019-03-20 05:28:38
Bedroom,1,2019-03-20 05:57:12
Bedroom,0,2019-03-20 05:59:34
Bedroom,1,2019-03-20 06:06:08
Bedroom,0,2019-03-20 06:08:28
Bedroom,1,2019-03-20 06:14:26
Bedroom,0,2019-03-20 06:16:46
Bedroom,1,2019-03-20 06:29:16
Bedroom,0,2019-03-20 06:31:37
Bedroom,1,2019-03-20 06:42:32
Bedroom,0,2019-03-20 06:44:42
Bedroom,1,2019-03-20 06:45:01
Bedroom,0,2019-03-20 06:49:13
Bedroom,1,2019-03-20 06:49:23
Bedroom,0,2019-03-20 06:51:45
Bedroom,1,2019-03-20 06:51:59
Bedroom,0,2019-03-20 06:54:18
Bedroom,1,2019-03-20 06:54:31
Bedroom,0,2019-03-20 06:58:44
Bedroom,1,2019-03-20 07:32:58
Bedroom,0,2019-03-20 07:35:12
Bedroom,1,2019-03-20 07:42:01
Bedroom,0,2019-03-20 07:44:22
Bedroom,1,2019-03-20 07:45:07
Bedroom,0,2019-03-20 07:47:20
Bedroom,1,2019-03-20 07:51:03
Bedroom,0,2019-03-20 07:55:30
Bedroom,1,2019-03-20 07:59:11
Bedroom,0,2019-03-20 08:01:32
Bedroom,1,2019-03-20 08:35:00
Bedroom,0,2019-03-20 08:37:09
Bedroom,1,2019-03-20 08:50:44
Bedroom,0,2019-03-20 08:52:58
Bedroom,1,2019-03-20 11:26:24
Bedroom,0,2019-03-20 11:28:37
Bedroom,1,2019-03-20 14:28:36
Bedroom,0,2019-03-20 14:30:49
Bedroom,1,2019-03-20 14:41:42
Bedroom,0,2019-03-20 14:44:04
Bedroom,1,2019-03-20 15:00:44
Bedroom,0,2019-03-20 15:03:04
Bedroom,1,2019-03-20 17:15:48
Bedroom,0,2019-03-20 17:20:31
Bedroom,1,2019-03-20 17:47:34
Bedroom,0,2019-03-20 17:50:02
Bedroom,1,2019-03-20 17:50:37
Bedroom,0,2019-03-20 17:52:58
Bedroom,1,2019-03-20 20:13:02
Bedroom,0,2019-03-20 20:15:15
Bedroom,1,2019-03-20 20:20:47
Bedroom,0,2019-03-20 20:25:12
Bedroom,1,2019-03-20 20:25:41
Bedroom,0,2019-03-20 20:27:54
Bedroom,1,2019-03-20 20:28:33
Bedroom,0,2019-03-20 20:30:48
Bedroom,1,2019-03-20 21:38:27
Bedroom,0,2019-03-20 21:40:37
Bedroom,1,2019-03-20 21:57:16
Bedroom,0,2019-03-20 21:59:37
Bedroom,1,2019-03-20 22:01:28
Bedroom,0,2019-03-20 22:03:37
Bedroom,1,2019-03-21 04:27:45
Bedroom,0,2019-03-21 04:29:59
Bedroom,1,2019-03-21 05:03:29
Bedroom,0,2019-03-21 05:05:50
Bedroom,1,2019-03-21 05:06:12
Bedroom,0,2019-03-21 05:08:29
Bedroom,1,2019-03-21 05:41:03
Bedroom,0,2019-03-21 05:43:16
Bedroom,1,2019-03-21 05:58:22
Bedroom,0,2019-03-21 06:00:46
Bedroom,1,2019-03-21 06:08:14
Bedroom,0,2019-03-21 06:10:42
Bedroom,1,2019-03-21 06:30:42
Bedroom,0,2019-03-21 06:32:56
Bedroom,1,2019-03-21 06:43:21
Bedroom,0,2019-03-21 06:54:13
Bedroom,1,2019-03-21 06:59:53
Bedroom,0,2019-03-21 07:02:14
Bedroom,1,2019-03-21 07:13:09
Bedroom,0,2019-03-21 07:15:19
Bedroom,1,2019-03-21 07:24:22
Bedroom,0,2019-03-21 07:26:32
Bedroom,1,2019-03-21 07:36:58
Bedroom,0,2019-03-21 07:39:11
Bedroom,1,2019-03-21 08:22:22
Bedroom,0,2019-03-21 08:26:46
Bedroom,1,2019-03-21 08:27:31
Bedroom,0,2019-03-21 08:29:40
Bedroom,1,2019-03-21 08:32:37
Bedroom,0,2019-03-21 08:34:58
Bedroom,1,2019-03-21 08:38:57
Bedroom,0,2019-03-21 08:41:07
Bedroom,1,2019-03-21 08:42:41
Bedroom,0,2019-03-21 08:45:09
Bedroom,1,2019-03-21 14:02:49
Bedroom,0,2019-03-21 14:04:59
Bedroom,1,2019-03-21 14:18:33
Bedroom,0,2019-03-21 14:20:47
Bedroom,1,2019-03-21 14:21:09
Bedroom,0,2019-03-21 14:23:37
Bedroom,1,2019-03-21 16:32:24
Bedroom,0,2019-03-21 16:36:38
Bedroom,1,2019-03-21 17:00:31
Bedroom,0,2019-03-21 17:04:56
Bedroom,1,2019-03-21 17:39:58
Bedroom,0,2019-03-21 17:44:13
Bedroom,1,2019-03-21 18:04:07
Bedroom,0,2019-03-21 18:06:15
Bedroom,1,2019-03-21 18:18:57
Bedroom,0,2019-03-21 18:21:18
Bedroom,1,2019-03-21 20:03:07
Bedroom,0,2019-03-21 20:05:20
Bedroom,1,2019-03-21 20:15:28
Bedroom,0,2019-03-21 20:17:49
Bedroom,1,2019-03-21 20:22:13
Bedroom,0,2019-03-21 20:28:45
Bedroom,1,2019-03-21 20:37:42
Bedroom,0,2019-03-21 20:42:14
Bedroom,1,2019-03-21 21:34:56
Bedroom,0,2019-03-21 21:37:22
Bedroom,1,2019-03-21 21:39:28
Bedroom,0,2019-03-21 21:41:38
Bedroom,1,2019-03-22 03:10:17
Bedroom,0,2019-03-22 03:12:31
Bedroom,1,2019-03-22 04:46:37
Bedroom,0,2019-03-22 04:48:46
Bedroom,1,2019-03-22 04:55:29
Bedroom,0,2019-03-22 04:57:58
Bedroom,1,2019-03-22 04:58:38
Bedroom,0,2019-03-22 05:00:59
Bedroom,1,2019-03-22 06:03:37
Bedroom,0,2019-03-22 06:05:47
Bedroom,1,2019-03-22 06:12:55
Bedroom,0,2019-03-22 06:17:08
Bedroom,1,2019-03-22 06:34:36
Bedroom,0,2019-03-22 06:36:50
Bedroom,1,2019-03-22 06:49:56
Bedroom,0,2019-03-22 06:54:09
Bedroom,1,2019-03-22 06:55:07
Bedroom,0,2019-03-22 06:59:18
Bedroom,1,2019-03-22 07:00:06
Bedroom,0,2019-03-22 07:04:28
Bedroom,1,2019-03-22 07:05:50
Bedroom,0,2019-03-22 07:08:11
Bedroom,1,2019-03-22 08:24:44
Bedroom,0,2019-03-22 08:26:53
Bedroom,1,2019-03-22 08:28:47
Bedroom,0,2019-03-22 08:31:01
Bedroom,1,2019-03-22 08:52:05
Bedroom,0,2019-03-22 08:54:26
Bedroom,1,2019-03-22 08:55:12
Bedroom,0,2019-03-22 08:57:33
Bedroom,1,2019-03-22 09:04:55
Bedroom,0,2019-03-22 09:09:13
Bedroom,1,2019-03-22 10:06:33
Bedroom,0,2019-03-22 10:08:46
Bedroom,1,2019-03-22 13:57:00
Bedroom,0,2019-03-22 13:59:13
Bedroom,1,2019-03-22 15:26:25
Bedroom,0,2019-03-22 15:28:35
Bedroom,1,2019-03-22 15:35:03
Bedroom,0,2019-03-22 15:39:09
Bedroom,1,2019-03-22 15:42:19
Bedroom,0,2019-03-22 15:44:40
Bedroom,1,2019-03-22 15:51:29
Bedroom,0,2019-03-22 15:53:43
Bedroom,1,2019-03-22 16:40:09
Bedroom,0,2019-03-22 16:42:23
Bedroom,1,2019-03-22 16:54:01
Bedroom,0,2019-03-22 16:58:27
Bedroom,1,2019-03-22 17:39:35
Bedroom,0,2019-03-22 17:41:55
Bedroom,1,2019-03-22 17:42:27
Bedroom,0,2019-03-22 17:44:48
Bedroom,1,2019-03-22 18:12:28
Bedroom,0,2019-03-22 18:14:48
Bedroom,1,2019-03-22 18:34:11
Bedroom,0,2019-03-22 18:36:24
Bedroom,1,2019-03-22 18:53:07
Bedroom,0,2019-03-22 18:55:17
Bedroom,1,2019-03-22 19:36:27
Bedroom,0,2019-03-22 19:38:35
Bedroom,1,2019-03-22 20:22:20
Bedroom,0,2019-03-22 20:26:36
Bedroom,1,2019-03-22 20:28:55
Bedroom,0,2019-03-22 20:31:15
Bedroom,1,2019-03-22 21:33:24
Bedroom,0,2019-03-22 21:35:53
Bedroom,1,2019-03-22 22:03:58
Bedroom,0,2019-03-22 22:06:27
Bedroom,1,2019-03-22 22:08:17
Bedroom,0,2019-03-22 22:10:26
Bedroom,1,2019-03-23 02:05:17
Bedroom,0,2019-03-23 02:07:31
Bedroom,1,2019-03-23 06:34:57
Bedroom,0,2019-03-23 06:37:10
Bedroom,1,2019-03-23 06:43:04
Bedroom,0,2019-03-23 06:45:16
Bedroom,1,2019-03-23 06:45:32
Bedroom,0,2019-03-23 06:50:00
Bedroom,1,2019-03-23 07:26:19
Bedroom,0,2019-03-23 07:30:44
Bedroom,1,2019-03-23 07:30:54
Bedroom,0,2019-03-23 07:37:08
Bedroom,1,2019-03-23 07:59:29
Bedroom,0,2019-03-23 08:01:51
Bedroom,1,2019-03-23 08:02:31
Bedroom,0,2019-03-23 08:04:45
Bedroom,1,2019-03-23 08:51:23
Bedroom,0,2019-03-23 08:53:53
Bedroom,1,2019-03-23 08:57:54
Bedroom,0,2019-03-23 09:04:07
Bedroom,1,2019-03-23 09:30:30
Bedroom,0,2019-03-23 09:32:43
Bedroom,1,2019-03-23 15:33:29
Bedroom,0,2019-03-23 15:37:47
Bedroom,1,2019-03-23 15:48:16
Bedroom,0,2019-03-23 15:50:38
Bedroom,1,2019-03-23 15:57:42
Bedroom,0,2019-03-23 15:59:51
Bedroom,1,2019-03-23 17:12:03
Bedroom,0,2019-03-23 17:14:16
Bedroom,1,2019-03-23 17:28:45
Bedroom,0,2019-03-23 17:30:58
Bedroom,1,2019-03-23 18:10:37
Bedroom,0,2019-03-23 18:12:51
Bedroom,1,2019-03-23 20:19:54
Bedroom,0,2019-03-23 20:26:13
Bedroom,1,2019-03-23 21:22:46
Bedroom,0,2019-03-23 21:24:59
Bedroom,1,2019-03-23 22:36:23
Bedroom,0,2019-03-23 22:38:32
Bedroom,1,2019-03-23 22:39:29
Bedroom,0,2019-03-23 22:41:40
Bedroom,1,2019-03-24 03:44:18
Bedroom,0,2019-03-24 03:48:45
Bedroom,1,2019-03-24 03:48:56
Bedroom,0,2019-03-24 03:51:05
Bedroom,1,2019-03-24 05:45:00
Bedroom,0,2019-03-24 05:47:13
Bedroom,1,2019-03-24 06:35:39
Bedroom,0,2019-03-24 06:38:00
Bedroom,1,2019-03-24 06:47:10
Bedroom,0,2019-03-24 06:51:25
Bedroom,1,2019-03-24 06:52:09
Bedroom,0,2019-03-24 06:54:18
Bedroom,1,2019-03-24 07:00:01
Bedroom,0,2019-03-24 07:02:22
Bedroom,1,2019-03-24 07:30:12
Bedroom,0,2019-03-24 07:32:25
Bedroom,1,2019-03-24 07:57:47
Bedroom,0,2019-03-24 08:14:09
Bedroom,1,2019-03-24 08:30:38
Bedroom,0,2019-03-24 08:32:51
Bedroom,1,2019-03-24 08:38:29
Bedroom,0,2019-03-24 08:40:46
Bedroom,1,2019-03-24 08:49:53
Bedroom,0,2019-03-24 08:54:12
Bedroom,1,2019-03-24 08:56:49
Bedroom,0,2019-03-24 08:59:02
Bedroom,1,2019-03-24 13:00:14
Bedroom,0,2019-03-24 13:02:28
Bedroom,1,2019-03-24 13:02:38
Bedroom,0,2019-03-24 13:09:01
Bedroom,1,2019-03-24 13:50:42
Bedroom,0,2019-03-24 13:52:50
Bedroom,1,2019-03-24 13:55:33
Bedroom,0,2019-03-24 13:57:45
Bedroom,1,2019-03-24 14:01:02
Bedroom,0,2019-03-24 14:03:22
Bedroom,1,2019-03-24 14:05:25
Bedroom,0,2019-03-24 14:07:34
Bedroom,1,2019-03-24 14:10:38
Bedroom,0,2019-03-24 14:12:59
Bedroom,1,2019-03-24 15:53:11
Bedroom,0,2019-03-24 15:57:39
Bedroom,1,2019-03-24 15:57:57
Bedroom,0,2019-03-24 16:00:12
Bedroom,1,2019-03-24 16:00:36
Bedroom,0,2019-03-24 16:02:57
Bedroom,1,2019-03-24 16:06:41
Bedroom,0,2019-03-24 16:09:02
Bedroom,1,2019-03-24 16:09:12
Bedroom,0,2019-03-24 16:11:26
Bedroom,1,2019-03-24 16:15:40
Bedroom,0,2019-03-24 16:17:53
Bedroom,1,2019-03-24 16:18:07
Bedroom,0,2019-03-24 16:20:28
Bedroom,1,2019-03-24 16:24:20
Bedroom,0,2019-03-24 16:26:41
Bedroom,1,2019-03-24 16:31:44
Bedroom,0,2019-03-24 16:36:05
Bedroom,1,2019-03-24 16:39:56
Bedroom,0,2019-03-24 16:42:12
Bedroom,1,2019-03-24 16:42:23
Bedroom,0,2019-03-24 16:44:43
Bedroom,1,2019-03-24 17:00:43
Bedroom,0,2019-03-24 17:02:52
Bedroom,1,2019-03-24 17:05:07
Bedroom,0,2019-03-24 17:07:20
Bedroom,1,2019-03-24 17:35:49
Bedroom,0,2019-03-24 17:39:59
Bedroom,1,2019-03-24 17:53:57
Bedroom,0,2019-03-24 17:56:18
Bedroom,1,2019-03-24 17:59:26
Bedroom,0,2019-03-24 18:01:47
Bedroom,1,2019-03-24 19:53:27
Bedroom,0,2019-03-24 19:55:48
Bedroom,1,2019-03-24 20:20:34
Bedroom,0,2019-03-24 20:30:55
Bedroom,1,2019-03-24 20:31:19
Bedroom,0,2019-03-24 20:35:47
Bedroom,1,2019-03-24 21:16:44
Bedroom,0,2019-03-24 21:18:57
Bedroom,1,2019-03-24 21:52:21
Bedroom,0,2019-03-24 21:54:42
Bedroom,1,2019-03-24 21:57:42
Bedroom,0,2019-03-24 21:59:56
Bedroom,1,2019-03-25 03:23:57
Bedroom,0,2019-03-25 03:26:18
Bedroom,1,2019-03-25 03:28:13
Bedroom,0,2019-03-25 03:30:30
Bedroom,1,2019-03-25 06:04:00
Bedroom,0,2019-03-25 06:06:13
Bedroom,1,2019-03-25 06:11:45
Bedroom,0,2019-03-25 06:16:03
Bedroom,1,2019-03-25 06:42:27
Bedroom,0,2019-03-25 06:44:40
Bedroom,1,2019-03-25 06:53:41
Bedroom,0,2019-03-25 06:56:02
Bedroom,1,2019-03-25 07:05:24
Bedroom,0,2019-03-25 07:20:13
Bedroom,1,2019-03-25 07:31:42
Bedroom,0,2019-03-25 07:33:56
Bedroom,1,2019-03-25 07:47:33
Bedroom,0,2019-03-25 07:49:46
Bedroom,1,2019-03-25 08:11:05
Bedroom,0,2019-03-25 08:13:19
Bedroom,1,2019-03-25 08:38:08
Bedroom,0,2019-03-25 08:40:25
Bedroom,1,2019-03-25 08:40:41
Bedroom,0,2019-03-25 08:42:54
Bedroom,1,2019-03-25 09:09:47
Bedroom,0,2019-03-25 09:11:58
Bedroom,1,2019-03-25 09:21:39
Bedroom,0,2019-03-25 09:25:46
Bedroom,1,2019-03-25 10:20:07
Bedroom,0,2019-03-25 10:22:29
Bedroom,1,2019-03-25 17:06:35
Bedroom,0,2019-03-25 17:08:49
Bedroom,1,2019-03-25 17:09:07
Bedroom,0,2019-03-25 17:11:21
Bedroom,1,2019-03-25 17:46:33
Bedroom,0,2019-03-25 17:48:47
Bedroom,1,2019-03-25 17:57:02
Bedroom,0,2019-03-25 17:59:11
Bedroom,1,2019-03-25 20:04:46
Bedroom,0,2019-03-25 20:07:07
Bedroom,1,2019-03-25 20:21:08
Bedroom,0,2019-03-25 20:27:37
Bedroom,1,2019-03-25 22:04:12
Bedroom,0,2019-03-25 22:06:33
Bedroom,1,2019-03-25 22:08:06
Bedroom,0,2019-03-25 22:10:34
Bedroom,1,2019-03-26 06:03:33
Bedroom,0,2019-03-26 06:05:47
Bedroom,1,2019-03-26 06:11:15
Bedroom,0,2019-03-26 06:15:50
Bedroom,1,2019-03-26 06:42:51
Bedroom,0,2019-03-26 06:45:04
Bedroom,1,2019-03-26 06:50:21
Bedroom,0,2019-03-26 07:02:42
Bedroom,1,2019-03-26 07:20:34
Bedroom,0,2019-03-26 07:22:55
Bedroom,1,2019-03-26 08:06:56
Bedroom,0,2019-03-26 08:09:09
Bedroom,1,2019-03-26 08:09:54
Bedroom,0,2019-03-26 08:12:15
Bedroom,1,2019-03-26 08:13:30
Bedroom,0,2019-03-26 08:15:47
Bedroom,1,2019-03-26 08:16:48
Bedroom,0,2019-03-26 08:18:59
Bedroom,1,2019-03-26 08:42:57
Bedroom,0,2019-03-26 08:47:12
Bedroom,1,2019-03-26 08:48:29
Bedroom,0,2019-03-26 08:50:41
Bedroom,1,2019-03-28 09:29:03
Bedroom,0,2019-03-28 09:31:27
Bedroom,1,2019-03-28 10:23:32
Bedroom,0,2019-03-28 10:50:48
Bedroom,1,2019-03-28 16:31:26
Bedroom,0,2019-03-28 16:33:39
Bedroom,1,2019-03-28 16:45:12
Bedroom,0,2019-03-28 16:47:22
Bedroom,1,2019-03-28 16:47:57
Bedroom,0,2019-03-28 16:50:06
Bedroom,1,2019-03-28 16:53:17
Bedroom,0,2019-03-28 16:55:30
Bedroom,1,2019-03-28 18:03:48
Bedroom,0,2019-03-28 18:08:18
Bedroom,1,2019-03-28 19:57:54
Bedroom,0,2019-03-28 20:00:07
Bedroom,1,2019-03-28 20:24:26
Bedroom,0,2019-03-28 20:29:09
Bedroom,1,2019-03-28 21:21:19
Bedroom,0,2019-03-28 21:23:40
Bedroom,1,2019-03-28 22:54:59
Bedroom,0,2019-03-28 22:57:20
Bedroom,1,2019-03-28 22:59:59
Bedroom,0,2019-03-28 23:02:16
Bedroom,1,2019-03-29 04:36:37
Bedroom,0,2019-03-29 04:38:51
Bedroom,1,2019-03-29 05:26:18
Bedroom,0,2019-03-29 05:28:27
Bedroom,1,2019-03-29 05:51:39
Bedroom,0,2019-03-29 05:53:53
Bedroom,1,2019-03-29 05:59:43
Bedroom,0,2019-03-29 06:02:04
Bedroom,1,2019-03-29 06:11:14
Bedroom,0,2019-03-29 06:15:54
Bedroom,1,2019-03-29 06:42:45
Bedroom,0,2019-03-29 06:55:00
Bedroom,1,2019-03-29 07:14:48
Bedroom,0,2019-03-29 07:17:02
Bedroom,1,2019-03-29 07:49:59
Bedroom,0,2019-03-29 07:52:08
Bedroom,1,2019-03-29 08:04:04
Bedroom,0,2019-03-29 08:08:19
Bedroom,1,2019-03-29 10:44:24
Bedroom,0,2019-03-29 10:46:33
Bedroom,1,2019-03-29 14:09:07
Bedroom,0,2019-03-29 14:11:21
Bedroom,1,2019-03-29 14:39:12
Bedroom,0,2019-03-29 14:41:21
Bedroom,1,2019-03-29 16:06:37
Bedroom,0,2019-03-29 16:08:50
Bedroom,1,2019-03-29 16:25:44
Bedroom,0,2019-03-29 16:28:04
Bedroom,1,2019-03-29 16:32:30
Bedroom,0,2019-03-29 16:34:44
Bedroom,1,2019-03-29 16:36:41
Bedroom,0,2019-03-29 16:39:02
Bedroom,1,2019-03-29 17:49:37
Bedroom,0,2019-03-29 17:51:58
Bedroom,1,2019-03-29 17:58:33
Bedroom,0,2019-03-29 18:00:54
Bedroom,1,2019-03-29 20:22:25
Bedroom,0,2019-03-29 20:30:48
Bedroom,1,2019-03-29 20:31:14
Bedroom,0,2019-03-29 20:35:26
Bedroom,1,2019-03-29 21:12:45
Bedroom,0,2019-03-29 21:15:06
Bedroom,1,2019-03-29 22:08:21
Bedroom,0,2019-03-29 22:10:30
Bedroom,1,2019-03-29 22:12:27
Bedroom,0,2019-03-29 22:14:48
Bedroom,1,2019-03-30 06:20:28
Bedroom,0,2019-03-30 06:22:37
Bedroom,1,2019-03-30 06:25:47
Bedroom,0,2019-03-30 06:30:13
Bedroom,1,2019-03-30 06:30:45
Bedroom,0,2019-03-30 06:35:14
Bedroom,1,2019-03-30 07:06:18
Bedroom,0,2019-03-30 07:08:27
Bedroom,1,2019-03-30 07:35:51
Bedroom,0,2019-03-30 07:42:04
Bedroom,1,2019-03-30 07:42:35
Bedroom,0,2019-03-30 07:48:49
Bedroom,1,2019-03-30 07:49:03
Bedroom,0,2019-03-30 07:51:24
Bedroom,1,2019-03-30 07:57:11
Bedroom,0,2019-03-30 08:01:30
Bedroom,1,2019-03-30 08:15:53
Bedroom,0,2019-03-30 08:18:06
Bedroom,1,2019-03-30 08:18:51
Bedroom,0,2019-03-30 08:21:19
Bedroom,1,2019-03-30 10:06:52
Bedroom,0,2019-03-30 10:09:03
Bedroom,1,2019-03-30 14:00:55
Bedroom,0,2019-03-30 14:03:15
Bedroom,1,2019-03-30 16:04:36
Bedroom,0,2019-03-30 16:08:59
Bedroom,1,2019-03-30 16:11:51
Bedroom,0,2019-03-30 16:14:12
Bedroom,1,2019-03-30 16:16:16
Bedroom,0,2019-03-30 16:18:24
Bedroom,1,2019-03-30 16:52:19
Bedroom,0,2019-03-30 16:54:47
Bedroom,1,2019-03-30 18:29:35
Bedroom,0,2019-03-30 18:31:47
Bedroom,1,2019-03-30 19:18:45
Bedroom,0,2019-03-30 19:21:06
Bedroom,1,2019-03-30 19:55:34
Bedroom,0,2019-03-30 19:57:54
Bedroom,1,2019-03-30 20:07:36
Bedroom,0,2019-03-30 20:11:53
Bedroom,1,2019-03-30 20:20:48
Bedroom,0,2019-03-30 20:25:19
Bedroom,1,2019-03-30 21:50:17
Bedroom,0,2019-03-30 21:52:45
Bedroom,1,2019-03-30 22:14:21
Bedroom,0,2019-03-30 22:16:41
Bedroom,1,2019-03-30 22:19:02
Bedroom,0,2019-03-30 22:21:30
Bedroom,1,2019-03-30 22:22:11
Bedroom,0,2019-03-30 22:24:24
Bedroom,1,2019-03-31 04:52:45
Bedroom,0,2019-03-31 04:54:59
Bedroom,1,2019-03-31 05:48:31
Bedroom,0,2019-03-31 05:50:40
Bedroom,1,2019-03-31 06:12:17
Bedroom,0,2019-03-31 06:14:38
Bedroom,1,2019-03-31 06:20:50
Bedroom,0,2019-03-31 06:23:12
Bedroom,1,2019-03-31 06:30:32
Bedroom,0,2019-03-31 06:35:05
Bedroom,1,2019-03-31 06:57:09
Bedroom,0,2019-03-31 06:59:18
Bedroom,1,2019-03-31 06:59:50
Bedroom,0,2019-03-31 07:02:03
Bedroom,1,2019-03-31 07:04:58
Bedroom,0,2019-03-31 07:17:05
Bedroom,1,2019-03-31 08:02:09
Bedroom,0,2019-03-31 08:04:29
Bedroom,1,2019-03-31 12:49:44
Bedroom,0,2019-03-31 12:53:57
Bedroom,1,2019-03-31 13:04:55
Bedroom,0,2019-03-31 13:07:08
Bedroom,1,2019-03-31 15:45:57
Bedroom,0,2019-03-31 15:48:17
Bedroom,1,2019-03-31 16:07:04
Bedroom,0,2019-03-31 16:09:24
Bedroom,1,2019-03-31 16:10:33
Bedroom,0,2019-03-31 16:12:45
Bedroom,1,2019-03-31 16:21:41
Bedroom,0,2019-03-31 16:23:54
Bedroom,1,2019-03-31 17:42:57
Bedroom,0,2019-03-31 17:45:17
Bedroom,1,2019-03-31 17:49:55
Bedroom,0,2019-03-31 17:52:04
Bedroom,1,2019-03-31 17:52:34
Bedroom,0,2019-03-31 17:54:43
Bedroom,1,2019-03-31 18:05:32
Bedroom,0,2019-03-31 18:07:45
Bedroom,1,2019-03-31 19:08:35
Bedroom,0,2019-03-31 19:10:49
Bedroom,1,2019-03-31 19:21:33
Bedroom,0,2019-03-31 19:25:59
Bedroom,1,2019-03-31 19:26:15
Bedroom,0,2019-03-31 19:30:33
Bedroom,1,2019-03-31 20:41:58
Bedroom,0,2019-03-31 20:44:18
Bedroom,1,2019-03-31 20:44:30
Bedroom,0,2019-03-31 20:46:39
Bedroom,1,2019-03-31 21:14:19
Bedroom,0,2019-03-31 21:16:40
Bedroom,1,2019-03-31 21:26:13
Bedroom,0,2019-03-31 21:28:34
Bedroom,1,2019-03-31 21:30:31
Bedroom,0,2019-03-31 21:32:41
Bedroom,1,2019-03-31 23:17:05
Bedroom,0,2019-03-31 23:19:33
Bedroom,1,2019-04-01 03:39:52
Bedroom,0,2019-04-01 03:42:12
Bedroom,1,2019-04-01 03:43:32
Bedroom,0,2019-04-01 03:46:00
Bedroom,1,2019-04-01 13:07:57
Bedroom,0,2019-04-01 13:12:19
Bedroom,1,2019-04-01 14:51:12
Bedroom,0,2019-04-01 14:53:41
Bedroom,1,2019-04-01 15:01:07
Bedroom,0,2019-04-01 15:03:30
Bedroom,1,2019-04-01 15:09:45
Bedroom,0,2019-04-01 15:11:58
Bedroom,1,2019-04-01 15:28:58
Bedroom,0,2019-04-01 15:31:12
Bedroom,1,2019-04-01 15:45:19
Bedroom,0,2019-04-01 15:47:40
Bedroom,1,2019-04-01 15:48:17
Bedroom,0,2019-04-01 15:50:30
Bedroom,1,2019-04-01 16:20:12
Bedroom,0,2019-04-01 16:22:26
Bedroom,1,2019-04-01 18:06:41
Bedroom,0,2019-04-01 18:08:54
Bedroom,1,2019-04-01 18:21:47
Bedroom,0,2019-04-01 18:23:55
Bedroom,1,2019-04-01 18:25:57
Bedroom,0,2019-04-01 18:32:17
Bedroom,1,2019-04-01 18:51:56
Bedroom,0,2019-04-01 18:54:09
Bedroom,1,2019-04-01 19:03:12
Bedroom,0,2019-04-01 19:07:32
Bedroom,1,2019-04-01 19:21:53
Bedroom,0,2019-04-01 19:26:05
Bedroom,1,2019-04-01 19:28:40
Bedroom,0,2019-04-01 19:31:09
Bedroom,1,2019-04-01 20:46:49
Bedroom,0,2019-04-01 20:49:10
Bedroom,1,2019-04-01 22:19:51
Bedroom,0,2019-04-01 22:22:11
Bedroom,1,2019-04-01 22:25:06
Bedroom,0,2019-04-01 22:27:14
Bedroom,1,2019-04-02 04:54:43
Bedroom,0,2019-04-02 04:57:03
Bedroom,1,2019-04-02 04:58:22
Bedroom,0,2019-04-02 05:00:35
Bedroom,1,2019-04-02 05:02:55
Bedroom,0,2019-04-02 05:05:16
Bedroom,1,2019-04-02 05:05:44
Bedroom,0,2019-04-02 05:08:04
Bedroom,1,2019-04-02 05:09:24
Bedroom,0,2019-04-02 05:17:48
Bedroom,1,2019-04-02 05:17:57
Bedroom,0,2019-04-02 05:20:10
Bedroom,1,2019-04-02 05:54:46
Bedroom,0,2019-04-02 05:56:59
Bedroom,1,2019-04-02 06:37:51
Bedroom,0,2019-04-02 06:44:00
Bedroom,1,2019-04-02 07:07:45
Bedroom,0,2019-04-02 07:11:55
Bedroom,1,2019-04-02 07:16:46
Bedroom,0,2019-04-02 07:18:56
Bedroom,1,2019-04-02 07:21:14
Bedroom,0,2019-04-02 07:23:28
Bedroom,1,2019-04-02 08:16:50
Bedroom,0,2019-04-02 08:19:06
Bedroom,1,2019-04-02 09:11:49
Bedroom,0,2019-04-02 09:22:11
Bedroom,1,2019-04-02 09:22:32
Bedroom,0,2019-04-02 09:28:45
Bedroom,1,2019-04-02 12:43:19
Bedroom,0,2019-04-02 12:45:47
Bedroom,1,2019-04-02 13:10:55
Bedroom,0,2019-04-02 13:13:16
Bedroom,1,2019-04-02 14:40:54
Bedroom,0,2019-04-02 14:43:07
Bedroom,1,2019-04-02 15:16:31
Bedroom,0,2019-04-02 15:19:00
Bedroom,1,2019-04-02 15:38:57
Bedroom,0,2019-04-02 15:41:11
Bedroom,1,2019-04-02 16:34:00
Bedroom,0,2019-04-02 16:36:13
Bedroom,1,2019-04-02 16:53:13
Bedroom,0,2019-04-02 16:57:36
Bedroom,1,2019-04-02 17:38:35
Bedroom,0,2019-04-02 17:42:52
Bedroom,1,2019-04-02 19:02:20
Bedroom,0,2019-04-02 19:04:49
Bedroom,1,2019-04-02 19:05:13
Bedroom,0,2019-04-02 19:07:33
Bedroom,1,2019-04-02 19:11:35
Bedroom,0,2019-04-02 19:13:56
Bedroom,1,2019-04-02 19:25:53
Bedroom,0,2019-04-02 19:28:13
Bedroom,1,2019-04-02 19:28:25
Bedroom,0,2019-04-02 19:32:48
Bedroom,1,2019-04-02 19:57:51
Bedroom,0,2019-04-02 20:00:02
Bedroom,1,2019-04-02 20:02:41
Bedroom,0,2019-04-02 20:05:02
Bedroom,1,2019-04-02 20:50:12
Bedroom,0,2019-04-02 20:52:25
Bedroom,1,2019-04-02 21:19:07
Bedroom,0,2019-04-02 21:21:30
Bedroom,1,2019-04-02 21:23:46
Bedroom,0,2019-04-02 21:25:55
Bedroom,1,2019-04-03 03:15:21
Bedroom,0,2019-04-03 03:17:29
Bedroom,1,2019-04-03 04:30:52
Bedroom,0,2019-04-03 04:33:06
Bedroom,1,2019-04-03 05:03:02
Bedroom,0,2019-04-03 05:05:15
Bedroom,1,2019-04-03 05:07:45
Bedroom,0,2019-04-03 05:10:06
Bedroom,1,2019-04-03 05:12:10
Bedroom,0,2019-04-03 05:18:53
Bedroom,1,2019-04-03 05:52:28
Bedroom,0,2019-04-03 05:54:37
Bedroom,1,2019-04-03 05:59:19
Bedroom,0,2019-04-03 06:01:41
Bedroom,1,2019-04-03 06:01:56
Bedroom,0,2019-04-03 06:04:16
Bedroom,1,2019-04-03 06:16:29
Bedroom,0,2019-04-03 06:18:42
Bedroom,1,2019-04-03 06:38:40
Bedroom,0,2019-04-03 06:51:36
Bedroom,1,2019-04-03 07:52:06
Bedroom,0,2019-04-03 07:54:20
Bedroom,1,2019-04-03 08:37:18
Bedroom,0,2019-04-03 08:39:39
Bedroom,1,2019-04-03 09:04:36
Bedroom,0,2019-04-03 09:06:45
Bedroom,1,2019-04-03 09:44:08
Bedroom,0,2019-04-03 09:46:28
Bedroom,1,2019-04-03 11:27:49
Bedroom,0,2019-04-03 11:29:57
Bedroom,1,2019-04-03 11:32:50
Bedroom,0,2019-04-03 11:35:02
Bedroom,1,2019-04-03 11:37:38
Bedroom,0,2019-04-03 11:39:58
Bedroom,1,2019-04-03 11:49:47
Bedroom,0,2019-04-03 11:52:08
Bedroom,1,2019-04-03 11:53:52
Bedroom,0,2019-04-03 11:56:14
Bedroom,1,2019-04-03 12:19:33
Bedroom,0,2019-04-03 12:21:42
Bedroom,1,2019-04-03 12:22:05
Bedroom,0,2019-04-03 12:24:14
Bedroom,1,2019-04-03 12:24:36
Bedroom,0,2019-04-03 12:26:49
Bedroom,1,2019-04-03 12:27:06
Bedroom,0,2019-04-03 12:29:27
Bedroom,1,2019-04-03 12:32:58
Bedroom,0,2019-04-03 12:37:24
Bedroom,1,2019-04-03 12:45:49
Bedroom,0,2019-04-03 12:52:07
Bedroom,1,2019-04-03 13:06:31
Bedroom,0,2019-04-03 13:08:44
Bedroom,1,2019-04-03 16:54:35
Bedroom,0,2019-04-03 16:59:03
Bedroom,1,2019-04-03 17:01:13
Bedroom,0,2019-04-03 17:03:26
Bedroom,1,2019-04-03 17:53:00
Bedroom,0,2019-04-03 17:55:13
Bedroom,1,2019-04-03 18:10:38
Bedroom,0,2019-04-03 18:12:58
Bedroom,1,2019-04-03 18:31:19
Bedroom,0,2019-04-03 18:33:28
Bedroom,1,2019-04-03 18:46:27
Bedroom,0,2019-04-03 18:48:46
Bedroom,1,2019-04-03 18:53:55
Bedroom,0,2019-04-03 18:56:08
Bedroom,1,2019-04-03 19:07:53
Bedroom,0,2019-04-03 19:10:13
Bedroom,1,2019-04-03 19:23:16
Bedroom,0,2019-04-03 19:25:26
Bedroom,1,2019-04-03 19:25:48
Bedroom,0,2019-04-03 19:27:57
Bedroom,1,2019-04-03 19:28:10
Bedroom,0,2019-04-03 19:30:30
Bedroom,1,2019-04-03 20:53:53
Bedroom,0,2019-04-03 20:58:15
Bedroom,1,2019-04-03 20:59:46
Bedroom,0,2019-04-03 21:02:08
Bedroom,1,2019-04-04 00:12:03
Bedroom,0,2019-04-04 00:14:11
Bedroom,1,2019-04-04 04:13:23
Bedroom,0,2019-04-04 04:15:44
Bedroom,1,2019-04-04 04:18:45
Bedroom,0,2019-04-04 04:20:58
Bedroom,1,2019-04-04 04:54:32
Bedroom,0,2019-04-04 04:56:42
Bedroom,1,2019-04-04 04:57:15
Bedroom,0,2019-04-04 04:59:36
Bedroom,1,2019-04-04 05:11:24
Bedroom,0,2019-04-04 05:13:51
Bedroom,1,2019-04-04 05:35:55
Bedroom,0,2019-04-04 05:38:08
Bedroom,1,2019-04-04 05:49:32
Bedroom,0,2019-04-04 05:51:41
Bedroom,1,2019-04-04 07:06:33
Bedroom,0,2019-04-04 07:08:42
Bedroom,1,2019-04-04 07:08:53
Bedroom,0,2019-04-04 07:15:15
Bedroom,1,2019-04-04 09:44:01
Bedroom,0,2019-04-04 09:46:10
Bedroom,1,2019-04-04 14:48:28
Bedroom,0,2019-04-04 14:50:49
Bedroom,1,2019-04-04 15:42:12
Bedroom,0,2019-04-04 15:44:25
Bedroom,1,2019-04-04 15:52:47
Bedroom,0,2019-04-04 15:55:01
Bedroom,1,2019-04-04 16:50:57
Bedroom,0,2019-04-04 16:53:11
Bedroom,1,2019-04-04 17:21:33
Bedroom,0,2019-04-04 17:23:47
Bedroom,1,2019-04-04 19:21:57
Bedroom,0,2019-04-04 19:24:25
Bedroom,1,2019-04-04 19:25:06
Bedroom,0,2019-04-04 19:27:27
Bedroom,1,2019-04-04 19:28:51
Bedroom,0,2019-04-04 19:35:17
Bedroom,1,2019-04-04 20:47:33
Bedroom,0,2019-04-04 20:51:46
Bedroom,1,2019-04-04 20:53:21
Bedroom,0,2019-04-04 20:55:29
Bedroom,1,2019-04-05 00:50:03
Bedroom,0,2019-04-05 00:52:20
Bedroom,1,2019-04-05 00:53:37
Bedroom,0,2019-04-05 00:55:57
Bedroom,1,2019-04-05 04:17:36
Bedroom,0,2019-04-05 04:19:49
Bedroom,1,2019-04-05 04:57:41
Bedroom,0,2019-04-05 04:59:56
Bedroom,1,2019-04-05 05:02:05
Bedroom,0,2019-04-05 05:04:13
Bedroom,1,2019-04-05 05:18:10
Bedroom,0,2019-04-05 05:22:37
Bedroom,1,2019-04-05 05:45:39
Bedroom,0,2019-04-05 05:48:00
Bedroom,1,2019-04-05 06:08:20
Bedroom,0,2019-04-05 06:10:48
Bedroom,1,2019-04-05 06:38:54
Bedroom,0,2019-04-05 06:41:23
Bedroom,1,2019-04-05 06:43:28
Bedroom,0,2019-04-05 06:47:39
Bedroom,1,2019-04-05 06:48:34
Bedroom,0,2019-04-05 06:51:02
Bedroom,1,2019-04-05 06:55:38
Bedroom,0,2019-04-05 06:57:51
Bedroom,1,2019-04-05 07:00:04
Bedroom,0,2019-04-05 07:02:24
Bedroom,1,2019-04-05 07:04:03
Bedroom,0,2019-04-05 07:12:39
Bedroom,1,2019-04-05 07:12:53
Bedroom,0,2019-04-05 07:15:07
Bedroom,1,2019-04-05 07:15:28
Bedroom,0,2019-04-05 07:19:32
Bedroom,1,2019-04-05 07:29:21
Bedroom,0,2019-04-05 07:31:42
Bedroom,1,2019-04-05 07:46:54
Bedroom,0,2019-04-05 07:49:08
Bedroom,1,2019-04-05 07:53:01
Bedroom,0,2019-04-05 07:55:15
Bedroom,1,2019-04-05 08:15:53
Bedroom,0,2019-04-05 08:18:06
Bedroom,1,2019-04-05 08:25:36
Bedroom,0,2019-04-05 08:29:40
Bedroom,1,2019-04-05 09:12:49
Bedroom,0,2019-04-05 09:15:09
Bedroom,1,2019-04-05 10:57:49
Bedroom,0,2019-04-05 11:00:02
Bedroom,1,2019-04-05 13:03:56
Bedroom,0,2019-04-05 13:06:10
Bedroom,1,2019-04-05 14:54:18
Bedroom,0,2019-04-05 14:56:27
Bedroom,1,2019-04-05 14:58:26
Bedroom,0,2019-04-05 15:02:42
Bedroom,1,2019-04-05 15:03:24
Bedroom,0,2019-04-05 15:09:43
Bedroom,1,2019-04-05 15:09:56
Bedroom,0,2019-04-05 15:14:18
Bedroom,1,2019-04-05 15:14:55
Bedroom,0,2019-04-05 15:17:06
Bedroom,1,2019-04-05 15:17:19
Bedroom,0,2019-04-05 15:21:39
Bedroom,1,2019-04-05 16:09:22
Bedroom,0,2019-04-05 16:11:30
Bedroom,1,2019-04-05 17:13:17
Bedroom,0,2019-04-05 17:15:29
Bedroom,1,2019-04-05 17:17:59
Bedroom,0,2019-04-05 17:20:08
Bedroom,1,2019-04-05 17:20:44
Bedroom,0,2019-04-05 17:22:51
Bedroom,1,2019-04-05 17:57:24
Bedroom,0,2019-04-05 17:59:45
Bedroom,1,2019-04-05 18:53:46
Bedroom,0,2019-04-05 18:55:58
Bedroom,1,2019-04-05 19:04:31
Bedroom,0,2019-04-05 19:06:45
Bedroom,1,2019-04-05 19:25:34
Bedroom,0,2019-04-05 19:33:56
Bedroom,1,2019-04-05 19:36:22
Bedroom,0,2019-04-05 19:38:43
Bedroom,1,2019-04-05 19:39:34
Bedroom,0,2019-04-05 19:41:54
Bedroom,1,2019-04-05 20:36:05
Bedroom,0,2019-04-05 20:38:18
Bedroom,1,2019-04-05 20:50:08
Bedroom,0,2019-04-05 20:52:38
Bedroom,1,2019-04-05 20:56:53
Bedroom,0,2019-04-05 20:59:07
Bedroom,1,2019-04-06 00:15:19
Bedroom,0,2019-04-06 00:17:36
Bedroom,1,2019-04-06 00:20:39
Bedroom,0,2019-04-06 00:22:59
Bedroom,1,2019-04-06 04:01:57
Bedroom,0,2019-04-06 04:04:10
Bedroom,1,2019-04-06 05:52:57
Bedroom,0,2019-04-06 05:57:21
Bedroom,1,2019-04-06 06:06:30
Bedroom,0,2019-04-06 06:08:43
Bedroom,1,2019-04-06 06:19:27
Bedroom,0,2019-04-06 06:21:48
Bedroom,1,2019-04-06 06:24:54
Bedroom,0,2019-04-06 06:27:03
Bedroom,1,2019-04-06 06:28:05
Bedroom,0,2019-04-06 06:30:18
Bedroom,1,2019-04-06 06:38:32
Bedroom,0,2019-04-06 06:40:45
Bedroom,1,2019-04-06 06:58:01
Bedroom,0,2019-04-06 07:00:22
Bedroom,1,2019-04-06 07:11:45
Bedroom,0,2019-04-06 07:13:58
Bedroom,1,2019-04-06 07:14:12
Bedroom,0,2019-04-06 07:16:32
Bedroom,1,2019-04-06 07:16:42
Bedroom,0,2019-04-06 07:18:52
Bedroom,1,2019-04-06 07:19:18
Bedroom,0,2019-04-06 07:21:26
Bedroom,1,2019-04-06 07:44:40
Bedroom,0,2019-04-06 07:46:53
Bedroom,1,2019-04-06 08:06:38
Bedroom,0,2019-04-06 08:09:02
Bedroom,1,2019-04-06 08:13:02
Bedroom,0,2019-04-06 08:15:15
Bedroom,1,2019-04-06 08:26:39
Bedroom,0,2019-04-06 08:29:08
Bedroom,1,2019-04-06 15:03:16
Bedroom,0,2019-04-06 15:05:29
Bedroom,1,2019-04-06 15:08:41
Bedroom,0,2019-04-06 15:10:52
Bedroom,1,2019-04-06 15:11:26
Bedroom,0,2019-04-06 15:13:40
Bedroom,1,2019-04-06 15:17:15
Bedroom,0,2019-04-06 15:19:35
Bedroom,1,2019-04-06 16:34:42
Bedroom,0,2019-04-06 16:36:55
Bedroom,1,2019-04-06 17:08:11
Bedroom,0,2019-04-06 17:10:28
Bedroom,1,2019-04-06 18:18:15
Bedroom,0,2019-04-06 18:20:28
Bedroom,1,2019-04-06 18:40:23
Bedroom,0,2019-04-06 18:42:44
Bedroom,1,2019-04-06 18:56:57
Bedroom,0,2019-04-06 18:59:05
Bedroom,1,2019-04-06 19:27:40
Bedroom,0,2019-04-06 19:32:01
Bedroom,1,2019-04-06 19:32:15
Bedroom,0,2019-04-06 19:34:42
Bedroom,1,2019-04-06 20:33:09
Bedroom,0,2019-04-06 20:35:29
Bedroom,1,2019-04-06 21:34:10
Bedroom,0,2019-04-06 21:38:31
Bedroom,1,2019-04-06 21:38:45
Bedroom,0,2019-04-06 21:40:57
Bedroom,1,2019-04-06 23:11:16
Bedroom,0,2019-04-06 23:13:26
Bedroom,1,2019-04-07 00:37:24
Bedroom,0,2019-04-07 00:39:32
Bedroom,1,2019-04-07 05:49:47
Bedroom,0,2019-04-07 05:52:00
Bedroom,1,2019-04-07 06:01:05
Bedroom,0,2019-04-07 06:03:26
Bedroom,1,2019-04-07 06:08:37
Bedroom,0,2019-04-07 06:12:59
Bedroom,1,2019-04-07 06:35:02
Bedroom,0,2019-04-07 06:37:16
Bedroom,1,2019-04-07 06:54:23
Bedroom,0,2019-04-07 06:56:33
Bedroom,1,2019-04-07 06:56:43
Bedroom,0,2019-04-07 07:07:31
Bedroom,1,2019-04-07 07:07:51
Bedroom,0,2019-04-07 07:10:11
Bedroom,1,2019-04-07 07:56:51
Bedroom,0,2019-04-07 07:59:13
Bedroom,1,2019-04-07 09:15:37
Bedroom,0,2019-04-07 09:17:56
Bedroom,1,2019-04-07 09:18:41
Bedroom,0,2019-04-07 09:21:01
Bedroom,1,2019-04-07 12:50:48
Bedroom,0,2019-04-07 12:53:00
Bedroom,1,2019-04-07 12:54:44
Bedroom,0,2019-04-07 12:56:53
Bedroom,1,2019-04-07 15:23:36
Bedroom,0,2019-04-07 15:25:45
Bedroom,1,2019-04-07 15:32:36
Bedroom,0,2019-04-07 15:34:56
Bedroom,1,2019-04-07 15:47:11
Bedroom,0,2019-04-07 15:49:22
Bedroom,1,2019-04-07 15:49:30
Bedroom,0,2019-04-07 15:51:43
Bedroom,1,2019-04-07 15:55:17
Bedroom,0,2019-04-07 15:57:30
Bedroom,1,2019-04-07 16:20:50
Bedroom,0,2019-04-07 16:23:01
Bedroom,1,2019-04-07 16:23:47
Bedroom,0,2019-04-07 16:28:03
Bedroom,1,2019-04-07 16:29:17
Bedroom,0,2019-04-07 16:31:26
Bedroom,1,2019-04-07 16:31:35
Bedroom,0,2019-04-07 16:33:59
Bedroom,1,2019-04-07 16:36:31
Bedroom,0,2019-04-07 16:38:43
Bedroom,1,2019-04-07 17:27:14
Bedroom,0,2019-04-07 17:29:27
Bedroom,1,2019-04-07 18:52:52
Bedroom,0,2019-04-07 18:55:12
Bedroom,1,2019-04-07 19:22:17
Bedroom,0,2019-04-07 19:28:45
Bedroom,1,2019-04-07 20:26:45
Bedroom,0,2019-04-07 20:28:54
Bedroom,1,2019-04-07 21:18:35
Bedroom,0,2019-04-07 21:20:59
Bedroom,1,2019-04-07 21:23:11
Bedroom,0,2019-04-07 21:25:32
Bedroom,1,2019-04-08 03:34:28
Bedroom,0,2019-04-08 03:36:49
Bedroom,1,2019-04-08 03:38:29
Bedroom,0,2019-04-08 03:40:56
Bedroom,1,2019-04-08 05:03:58
Bedroom,0,2019-04-08 05:06:07
Bedroom,1,2019-04-08 05:10:20
Bedroom,0,2019-04-08 05:14:33
Bedroom,1,2019-04-08 05:45:26
Bedroom,0,2019-04-08 05:51:52
Bedroom,1,2019-04-08 06:07:02
Bedroom,0,2019-04-08 06:13:31
Bedroom,1,2019-04-08 06:34:34
Bedroom,0,2019-04-08 06:43:08
Bedroom,1,2019-04-08 06:58:46
Bedroom,0,2019-04-08 07:00:55
Bedroom,1,2019-04-08 07:16:53
Bedroom,0,2019-04-08 07:19:13
Bedroom,1,2019-04-08 07:36:39
Bedroom,0,2019-04-08 07:40:56
Bedroom,1,2019-04-08 07:56:05
Bedroom,0,2019-04-08 07:58:16
Bedroom,1,2019-04-08 14:09:52
Bedroom,0,2019-04-08 14:12:01
Bedroom,1,2019-04-08 16:35:08
Bedroom,0,2019-04-08 16:37:21
Bedroom,1,2019-04-08 17:02:57
Bedroom,0,2019-04-08 17:05:11
Bedroom,1,2019-04-08 17:58:07
Bedroom,0,2019-04-08 18:00:28
Bedroom,1,2019-04-08 18:46:58
Bedroom,0,2019-04-08 18:49:07
Bedroom,1,2019-04-08 18:57:45
Bedroom,0,2019-04-08 19:00:06
Bedroom,1,2019-04-08 19:23:49
Bedroom,0,2019-04-08 19:32:20
Bedroom,1,2019-04-08 19:32:59
Bedroom,0,2019-04-08 19:35:09
Bedroom,1,2019-04-08 19:35:19
Bedroom,0,2019-04-08 19:37:41
Bedroom,1,2019-04-08 19:39:00
Bedroom,0,2019-04-08 19:41:10
Bedroom,1,2019-04-08 19:42:16
Bedroom,0,2019-04-08 19:44:38
Bedroom,1,2019-04-08 19:47:25
Bedroom,0,2019-04-08 19:49:37
Bedroom,1,2019-04-08 19:51:30
Bedroom,0,2019-04-08 19:53:57
Bedroom,1,2019-04-08 20:45:16
Bedroom,0,2019-04-08 20:47:25
Bedroom,1,2019-04-08 21:34:51
Bedroom,0,2019-04-08 21:37:19
Bedroom,1,2019-04-08 21:38:53
Bedroom,0,2019-04-08 21:41:14
Bedroom,1,2019-04-09 01:38:51
Bedroom,0,2019-04-09 01:41:10
Bedroom,1,2019-04-09 01:43:58
Bedroom,0,2019-04-09 01:46:11
Bedroom,1,2019-04-09 04:52:00
Bedroom,0,2019-04-09 04:54:21
Bedroom,1,2019-04-09 05:02:26
Bedroom,0,2019-04-09 05:04:35
Bedroom,1,2019-04-09 05:11:24
Bedroom,0,2019-04-09 05:15:46
Bedroom,1,2019-04-09 05:45:41
Bedroom,0,2019-04-09 05:55:59
Bedroom,1,2019-04-09 06:01:33
Bedroom,0,2019-04-09 06:03:45
Bedroom,1,2019-04-09 06:46:36
Bedroom,0,2019-04-09 06:50:48
Bedroom,1,2019-04-09 06:52:39
Bedroom,0,2019-04-09 06:54:59
Bedroom,1,2019-04-09 14:28:26
Bedroom,0,2019-04-09 14:30:47
Bedroom,1,2019-04-09 16:31:22
Bedroom,0,2019-04-09 16:33:50
Bedroom,1,2019-04-09 17:02:04
Bedroom,0,2019-04-09 17:04:22
Bedroom,1,2019-04-09 17:04:31
Bedroom,0,2019-04-09 17:06:51
Bedroom,1,2019-04-09 17:38:07
Bedroom,0,2019-04-09 17:40:20
Bedroom,1,2019-04-09 17:50:10
Bedroom,0,2019-04-09 17:52:30
Bedroom,1,2019-04-09 18:39:40
Bedroom,0,2019-04-09 18:41:48
Bedroom,1,2019-04-09 19:08:59
Bedroom,0,2019-04-09 19:11:12
Bedroom,1,2019-04-09 19:23:09
Bedroom,0,2019-04-09 19:29:43
Bedroom,1,2019-04-09 20:36:41
Bedroom,0,2019-04-09 20:38:57
Bedroom,1,2019-04-09 20:46:56
Bedroom,0,2019-04-09 20:49:24
Bedroom,1,2019-04-09 20:50:26
Bedroom,0,2019-04-09 20:52:39
Bedroom,1,2019-04-10 00:57:10
Bedroom,0,2019-04-10 00:59:30
Bedroom,1,2019-04-10 03:17:04
Bedroom,0,2019-04-10 03:19:17
Bedroom,1,2019-04-10 05:00:29
Bedroom,0,2019-04-10 05:02:49
Bedroom,1,2019-04-10 05:07:10
Bedroom,0,2019-04-10 05:11:44
Bedroom,1,2019-04-10 05:35:56
Bedroom,0,2019-04-10 05:38:16
Bedroom,1,2019-04-10 05:50:48
Bedroom,0,2019-04-10 05:52:56
Bedroom,1,2019-04-10 06:36:11
Bedroom,0,2019-04-10 06:44:46
Bedroom,1,2019-04-10 06:45:12
Bedroom,0,2019-04-10 06:47:20
Bedroom,1,2019-04-10 06:51:09
Bedroom,0,2019-04-10 06:55:23
Bedroom,1,2019-04-10 06:58:47
Bedroom,0,2019-04-10 07:01:00
Bedroom,1,2019-04-10 07:21:27
Bedroom,0,2019-04-10 07:23:48
Bedroom,1,2019-04-10 15:30:41
Bedroom,0,2019-04-10 15:32:54
Bedroom,1,2019-04-10 15:41:17
Bedroom,0,2019-04-10 15:45:35
Bedroom,1,2019-04-10 15:46:05
Bedroom,0,2019-04-10 15:48:26
Bedroom,1,2019-04-10 16:02:18
Bedroom,0,2019-04-10 16:04:29
Bedroom,1,2019-04-10 16:24:07
Bedroom,0,2019-04-10 16:26:27
Bedroom,1,2019-04-10 17:29:54
Bedroom,0,2019-04-10 17:32:06
Bedroom,1,2019-04-10 18:08:45
Bedroom,0,2019-04-10 18:10:58
Bedroom,1,2019-04-10 19:13:00
Bedroom,0,2019-04-10 19:15:13
Bedroom,1,2019-04-10 19:16:18
Bedroom,0,2019-04-10 19:18:38
Bedroom,1,2019-04-10 19:25:48
Bedroom,0,2019-04-10 19:30:09
Bedroom,1,2019-04-10 20:27:32
Bedroom,0,2019-04-10 20:29:44
Bedroom,1,2019-04-10 21:11:28
Bedroom,0,2019-04-10 21:13:44
Bedroom,1,2019-04-10 21:15:39
Bedroom,0,2019-04-10 21:17:53
Bedroom,1,2019-04-11 03:01:07
Bedroom,0,2019-04-11 03:03:28
Bedroom,1,2019-04-11 03:05:12
Bedroom,0,2019-04-11 03:07:21
Bedroom,1,2019-04-11 04:50:09
Bedroom,0,2019-04-11 04:52:38
Bedroom,1,2019-04-11 05:01:04
Bedroom,0,2019-04-11 05:03:24
Bedroom,1,2019-04-11 05:09:23
Bedroom,0,2019-04-11 05:11:46
Bedroom,1,2019-04-11 05:11:58
Bedroom,0,2019-04-11 05:14:26
Bedroom,1,2019-04-11 05:32:48
Bedroom,0,2019-04-11 05:35:10
Bedroom,1,2019-04-11 05:42:57
Bedroom,0,2019-04-11 05:57:28
Bedroom,1,2019-04-11 06:46:27
Bedroom,0,2019-04-11 06:50:43
Bedroom,1,2019-04-11 06:57:04
Bedroom,0,2019-04-11 07:01:25
Bedroom,1,2019-04-11 15:46:03
Bedroom,0,2019-04-11 15:48:24
Bedroom,1,2019-04-11 16:27:00
Bedroom,0,2019-04-11 16:29:28
Bedroom,1,2019-04-11 17:11:46
Bedroom,0,2019-04-11 17:13:59
Bedroom,1,2019-04-11 17:50:05
Bedroom,0,2019-04-11 17:52:26
Bedroom,1,2019-04-11 19:05:29
Bedroom,0,2019-04-11 19:07:37
Bedroom,1,2019-04-11 19:12:01
Bedroom,0,2019-04-11 19:14:22
Bedroom,1,2019-04-11 19:23:18
Bedroom,0,2019-04-11 19:27:41
Bedroom,1,2019-04-11 20:30:50
Bedroom,0,2019-04-11 20:33:00
Bedroom,1,2019-04-11 21:19:49
Bedroom,0,2019-04-11 21:21:58
Bedroom,1,2019-04-11 21:25:11
Bedroom,0,2019-04-11 21:27:20
Bedroom,1,2019-04-12 00:25:53
Bedroom,0,2019-04-12 00:28:12
Bedroom,1,2019-04-12 00:29:36
Bedroom,0,2019-04-12 00:31:56
Bedroom,1,2019-04-12 01:46:49
Bedroom,0,2019-04-12 01:49:02
Bedroom,1,2019-04-12 01:57:56
Bedroom,0,2019-04-12 02:00:10
Bedroom,1,2019-04-12 04:57:03
Bedroom,0,2019-04-12 04:59:11
Bedroom,1,2019-04-12 05:02:20
Bedroom,0,2019-04-12 05:04:29
Bedroom,1,2019-04-12 05:07:50
Bedroom,0,2019-04-12 05:10:03
Bedroom,1,2019-04-12 05:10:25
Bedroom,0,2019-04-12 05:14:44
Bedroom,1,2019-04-12 05:45:10
Bedroom,0,2019-04-12 05:47:30
Bedroom,1,2019-04-12 05:47:42
Bedroom,0,2019-04-12 05:53:53
Bedroom,1,2019-04-12 05:54:24
Bedroom,0,2019-04-12 05:56:33
Bedroom,1,2019-04-12 06:45:53
Bedroom,0,2019-04-12 06:48:02
Bedroom,1,2019-04-12 06:48:12
Bedroom,0,2019-04-12 06:50:33
Bedroom,1,2019-04-12 06:52:06
Bedroom,0,2019-04-12 06:54:19
Bedroom,1,2019-04-12 07:01:49
Bedroom,0,2019-04-12 07:04:10
Bedroom,1,2019-04-12 08:56:52
Bedroom,0,2019-04-12 08:59:12
