Timestamp,HumidityMeasurementState,LuminescenceState,TemperatureState
2019-03-28 10:00:00,35.57,1.04,22.49
2019-03-28 10:10:00,36.29,1.04,22.21
2019-03-28 10:30:00,35.47,1.04,22.74
2019-03-28 10:40:00,37.29,1.04,20.98
2019-03-28 10:50:00,37.29,1.04,20.98
2019-03-28 11:00:00,37.29,1.04,20.98
2019-03-28 11:10:00,37.29,1.04,20.98
2019-03-28 11:30:00,37.29,1.04,20.98
2019-03-28 11:40:00,37.29,1.04,20.98
2019-03-28 11:50:00,37.29,1.04,20.98
2019-03-28 12:00:00,37.29,1.04,20.98
2019-03-28 12:10:00,38.99,1.04,20.63
2019-03-28 12:20:00,38.99,1.04,20.63
2019-03-28 12:30:00,38.99,1.04,20.63
2019-03-28 12:40:00,38.85,1.04,20.42
2019-03-28 12:50:00,38.85,1.04,20.42
2019-03-28 13:00:00,38.85,1.04,20.42
2019-03-28 13:10:00,38.85,1.04,20.42
2019-03-28 13:20:00,39.04,1.04,20.22
2019-03-28 13:30:00,39.04,1.04,20.22
2019-03-28 13:40:00,39.04,1.04,20.22
2019-03-28 13:50:00,39.04,1.04,20.22
2019-03-28 14:00:00,39.04,1.04,20.22
2019-03-28 14:10:00,39.04,1.04,20.22
2019-03-28 14:20:00,39.04,1.04,20.22
2019-03-28 14:30:00,39.04,1.04,20.22
2019-03-28 14:40:00,39.38,1.04,20.01
2019-03-28 14:50:00,39.38,1.04,20.01
2019-03-28 15:00:00,39.38,1.04,20.01
2019-03-28 15:10:00,39.38,1.04,20.01
2019-03-28 15:20:00,39.38,1.04,20.01
2019-03-28 15:30:00,39.38,1.04,20.01
2019-03-28 15:40:00,39.0,1.04,20.31
2019-03-28 15:50:00,39.03,1.04,20.52
2019-03-28 16:00:00,39.29,1.04,20.77
2019-03-28 16:10:00,39.29,1.04,20.77
2019-03-28 16:20:00,39.29,1.04,20.77
2019-03-28 16:30:00,39.29,1.04,20.77
2019-03-28 16:40:00,39.29,1.04,20.77
2019-03-28 16:50:00,39.29,1.04,20.77
2019-03-28 17:00:00,39.29,1.04,20.77
2019-03-28 17:10:00,39.29,1.04,20.77
2019-03-28 17:20:00,39.44,1.04,20.99
2019-03-28 17:30:00,39.44,1.04,20.99
2019-03-28 17:40:00,39.25,1.04,21.22
2019-03-28 17:50:00,39.25,1.04,21.22
2019-03-28 18:00:00,39.25,1.04,21.22
2019-03-28 18:10:00,39.25,1.04,21.22
2019-03-28 18:20:00,39.25,1.04,21.22
2019-03-28 18:30:00,39.25,1.04,21.22
2019-03-28 18:40:00,39.25,1.04,21.22
2019-03-28 18:50:00,39.25,1.04,21.22
2019-03-28 19:00:00,40.15,1.04,21.43
2019-03-28 19:10:00,40.15,1.04,21.43
2019-03-28 19:20:00,40.15,1.04,21.43
2019-03-28 19:30:00,40.15,1.04,21.43
2019-03-28 19:40:00,40.15,1.04,21.43
2019-03-28 19:50:00,40.15,1.04,21.43
2019-03-28 20:00:00,40.15,1.04,21.43
2019-03-28 20:10:00,40.15,1.04,21.43
2019-03-28 20:20:00,40.15,1.04,21.43
2019-03-28 20:30:00,42.04,1.04,21.21
2019-03-28 20:40:00,42.04,1.04,21.21
2019-03-28 20:50:00,41.5,1.04,21.0
2019-03-28 21:00:00,41.5,1.04,21.0
2019-03-28 21:10:00,40.92,1.04,20.79
2019-03-28 21:20:00,40.92,1.04,20.79
2019-03-28 21:30:00,40.92,1.04,20.79
2019-03-28 21:40:00,40.92,1.04,20.79
2019-03-28 21:50:00,40.63,1.04,20.58
2019-03-28 22:00:00,40.63,1.04,20.58
2019-03-28 22:10:00,40.63,1.04,20.58
2019-03-28 22:20:00,40.63,1.04,20.58
2019-03-28 22:30:00,40.34,1.04,20.36
2019-03-28 22:40:00,40.34,1.04,20.36
2019-03-28 22:50:00,40.34,1.04,20.36
2019-03-28 23:00:00,40.34,1.04,20.36
2019-03-28 23:10:00,40.34,1.04,20.36
2019-03-28 23:20:00,40.57,1.04,20.14
2019-03-28 23:30:00,40.57,1.04,20.14
2019-03-28 23:40:00,40.57,1.04,20.14
2019-03-28 23:50:00,40.57,1.04,20.14
2019-03-29 00:00:00,40.57,1.04,20.14
2019-03-29 00:10:00,40.4,1.04,19.93
2019-03-29 00:20:00,40.4,1.04,19.93
2019-03-29 00:30:00,40.4,1.04,19.93
2019-03-29 00:40:00,40.4,1.04,19.93
2019-03-29 00:50:00,40.4,1.04,19.93
2019-03-29 01:00:00,40.4,1.04,19.93
2019-03-29 01:10:00,40.25,1.04,19.69
2019-03-29 01:20:00,40.25,1.04,19.69
2019-03-29 01:30:00,40.25,1.04,19.69
2019-03-29 01:40:00,40.25,1.04,19.69
2019-03-29 01:50:00,40.25,1.04,19.69
2019-03-29 02:00:00,40.03,1.04,19.47
2019-03-29 02:10:00,40.03,1.04,19.47
2019-03-29 02:20:00,40.03,1.04,19.47
2019-03-29 02:30:00,40.03,1.04,19.47
2019-03-29 02:40:00,40.03,1.04,19.47
2019-03-29 02:50:00,40.03,1.04,19.47
2019-03-29 03:00:00,40.06,1.04,19.27
2019-03-29 03:10:00,40.06,1.04,19.27
2019-03-29 03:20:00,40.06,1.04,19.27
2019-03-29 03:30:00,40.06,1.04,19.27
2019-03-29 03:40:00,40.06,1.04,19.27
2019-03-29 03:50:00,40.06,1.04,19.27
2019-03-29 04:00:00,40.13,1.04,19.06
2019-03-29 04:10:00,40.13,1.04,19.06
2019-03-29 04:20:00,40.13,1.04,19.06
2019-03-29 04:30:00,40.13,1.04,19.06
2019-03-29 04:40:00,40.13,1.04,19.06
2019-03-29 04:50:00,40.13,1.04,19.06
2019-03-29 05:00:00,40.22,1.04,18.86
2019-03-29 05:10:00,40.22,1.04,18.86
2019-03-29 05:20:00,40.22,1.04,18.86
2019-03-29 05:30:00,40.22,1.04,18.86
2019-03-29 05:40:00,40.22,1.04,18.86
2019-03-29 05:50:00,40.22,1.04,18.86
2019-03-29 06:00:00,40.11,1.04,18.65
2019-03-29 06:10:00,40.11,1.04,18.65
2019-03-29 06:20:00,39.72,1.04,18.95
2019-03-29 06:30:00,39.72,1.04,18.95
2019-03-29 06:40:00,39.5,1.04,18.73
2019-03-29 06:50:00,39.62,1.04,19.04
2019-03-29 07:00:00,39.35,1.04,19.29
2019-03-29 07:10:00,40.57,1.04,19.54
2019-03-29 07:20:00,40.69,1.04,19.79
2019-03-29 07:30:00,40.69,1.04,19.79
2019-03-29 07:40:00,40.37,1.04,20.02
2019-03-29 07:50:00,40.37,1.04,20.02
2019-03-29 08:00:00,40.37,1.04,20.02
2019-03-29 08:10:00,40.37,1.04,20.02
2019-03-29 08:20:00,40.37,1.04,20.02
2019-03-29 08:30:00,40.37,1.04,20.02
2019-03-29 08:40:00,40.37,1.04,20.02
2019-03-29 08:50:00,40.95,1.04,19.81
2019-03-29 09:00:00,40.95,1.04,19.81
2019-03-29 09:10:00,40.95,1.04,19.81
2019-03-29 09:20:00,40.95,1.04,19.81
2019-03-29 09:30:00,40.95,1.04,19.81
2019-03-29 09:40:00,40.95,1.04,19.81
2019-03-29 09:50:00,40.95,1.04,19.81
2019-03-29 10:00:00,40.95,1.04,19.81
2019-03-29 10:10:00,41.07,1.04,20.03
2019-03-29 10:20:00,40.86,1.04,20.25
2019-03-29 10:30:00,40.66,1.04,20.48
2019-03-29 10:40:00,40.66,1.04,20.48
2019-03-29 10:50:00,40.66,1.04,20.48
2019-03-29 11:00:00,40.66,1.04,20.48
2019-03-29 11:10:00,40.66,1.04,20.48
2019-03-29 11:20:00,40.66,1.04,20.48
2019-03-29 11:30:00,40.66,1.04,20.48
2019-03-29 11:40:00,40.66,1.04,20.48
2019-03-29 11:50:00,40.66,1.04,20.48
2019-03-29 12:00:00,40.66,1.04,20.48
2019-03-29 12:10:00,40.66,1.04,20.48
2019-03-29 12:20:00,40.66,1.04,20.48
2019-03-29 12:30:00,40.66,1.04,20.48
2019-03-29 12:40:00,40.69,1.04,20.27
2019-03-29 12:50:00,40.69,1.04,20.27
2019-03-29 13:00:00,40.69,1.04,20.27
2019-03-29 13:10:00,40.69,1.04,20.27
2019-03-29 13:20:00,40.69,1.04,20.27
2019-03-29 13:30:00,40.69,1.04,20.27
2019-03-29 13:40:00,40.69,1.04,20.27
2019-03-29 13:50:00,40.38,1.04,20.07
2019-03-29 14:00:00,40.38,1.04,20.07
2019-03-29 14:10:00,40.38,1.04,20.07
2019-03-29 14:20:00,40.38,1.04,20.07
2019-03-29 14:30:00,40.38,1.04,20.07
2019-03-29 14:40:00,46.85,1.04,20.27
2019-03-29 14:50:00,46.85,1.04,20.27
2019-03-29 15:00:00,46.85,1.04,20.27
2019-03-29 15:10:00,44.72,1.04,20.07
2019-03-29 15:20:00,44.72,1.04,20.07
2019-03-29 15:30:00,42.86,1.04,20.55
2019-03-29 15:40:00,42.86,1.04,20.55
2019-03-29 15:50:00,42.54,1.04,20.8
2019-03-29 16:00:00,42.54,1.04,20.8
2019-03-29 16:10:00,42.54,1.04,20.8
2019-03-29 16:20:00,42.54,1.04,20.8
2019-03-29 16:30:00,42.54,1.04,20.8
2019-03-29 16:40:00,42.54,1.04,20.8
2019-03-29 16:50:00,42.54,1.04,20.8
2019-03-29 17:00:00,42.54,1.04,20.8
2019-03-29 17:10:00,42.54,1.04,20.8
2019-03-29 17:20:00,42.54,1.04,20.8
2019-03-29 17:30:00,42.54,1.04,20.8
2019-03-29 17:40:00,42.54,1.04,20.8
2019-03-29 17:50:00,45.38,1.04,20.6
2019-03-29 18:00:00,45.38,1.04,20.6
2019-03-29 18:10:00,45.38,1.04,20.6
2019-03-29 18:20:00,45.38,1.04,20.6
2019-03-29 18:30:00,45.38,1.04,20.6
2019-03-29 18:40:00,44.43,1.04,20.84
2019-03-29 18:50:00,44.43,1.04,20.84
2019-03-29 19:00:00,44.43,1.04,20.84
2019-03-29 19:10:00,43.16,1.04,21.05
2019-03-29 19:20:00,43.16,1.04,21.05
2019-03-29 19:30:00,43.16,1.04,21.05
2019-03-29 19:40:00,43.16,1.04,21.05
2019-03-29 19:50:00,43.16,1.04,21.05
2019-03-29 20:00:00,43.16,1.04,21.05
2019-03-29 20:10:00,43.16,1.04,21.05
2019-03-29 20:20:00,43.16,1.04,21.05
2019-03-29 20:30:00,44.48,1.04,20.83
2019-03-29 20:40:00,44.48,1.04,20.83
2019-03-29 20:50:00,44.48,1.04,20.83
2019-03-29 21:00:00,43.71,1.04,20.63
2019-03-29 21:10:00,43.71,1.04,20.63
2019-03-29 21:20:00,43.71,1.04,20.63
2019-03-29 21:30:00,43.71,1.04,20.63
2019-03-29 21:40:00,43.27,1.04,20.42
2019-03-29 21:50:00,43.27,1.04,20.42
2019-03-29 22:00:00,43.27,1.04,20.42
2019-03-29 22:10:00,43.27,1.04,20.42
2019-03-29 22:20:00,43.27,1.04,20.42
2019-03-29 22:30:00,43.27,1.04,20.42
2019-03-29 22:40:00,43.11,1.04,20.21
2019-03-29 22:50:00,43.11,1.04,20.21
2019-03-29 23:00:00,43.11,1.04,20.21
2019-03-29 23:10:00,43.11,1.04,20.21
2019-03-29 23:20:00,43.11,1.04,20.21
2019-03-29 23:30:00,42.79,1.04,20.01
2019-03-29 23:40:00,42.79,1.04,20.01
2019-03-29 23:50:00,42.79,1.04,20.01
2019-03-30 00:00:00,42.79,1.04,20.01
2019-03-30 00:10:00,42.79,1.04,20.01
2019-03-30 00:20:00,42.79,1.04,20.01
2019-03-30 00:30:00,42.43,1.04,19.79
2019-03-30 00:40:00,42.43,1.04,19.79
2019-03-30 00:50:00,42.43,1.04,19.79
2019-03-30 01:00:00,42.43,1.04,19.79
2019-03-30 01:10:00,42.43,1.04,19.79
2019-03-30 01:20:00,42.43,1.04,19.79
2019-03-30 01:30:00,42.43,1.04,19.79
2019-03-30 01:40:00,42.24,1.04,19.59
2019-03-30 01:50:00,42.24,1.04,19.59
2019-03-30 02:00:00,42.24,1.04,19.59
2019-03-30 02:10:00,42.24,1.04,19.59
2019-03-30 02:20:00,42.24,1.04,19.59
2019-03-30 02:30:00,42.08,1.04,19.38
2019-03-30 02:40:00,42.08,1.04,19.38
2019-03-30 02:50:00,42.08,1.04,19.38
2019-03-30 03:00:00,42.08,1.04,19.38
2019-03-30 03:10:00,42.08,1.04,19.38
2019-03-30 03:20:00,42.08,1.04,19.38
2019-03-30 03:30:00,42.08,1.04,19.38
2019-03-30 03:40:00,41.89,1.04,19.17
2019-03-30 03:50:00,41.89,1.04,19.17
2019-03-30 04:00:00,41.89,1.04,19.17
2019-03-30 04:10:00,41.89,1.04,19.17
2019-03-30 04:20:00,41.89,1.04,19.17
2019-03-30 04:30:00,41.89,1.04,19.17
2019-03-30 04:40:00,41.85,1.04,18.96
2019-03-30 04:50:00,41.85,1.04,18.96
2019-03-30 05:00:00,41.85,1.04,18.96
2019-03-30 05:10:00,41.85,1.04,18.96
2019-03-30 05:20:00,41.85,1.04,18.96
2019-03-30 05:30:00,41.85,1.04,18.96
2019-03-30 05:40:00,41.85,1.04,18.96
2019-03-30 05:50:00,41.66,1.04,18.75
2019-03-30 06:00:00,41.66,1.04,18.75
2019-03-30 06:10:00,41.66,1.04,18.75
2019-03-30 06:20:00,41.66,1.04,18.75
2019-03-30 06:30:00,41.66,1.04,18.75
2019-03-30 06:40:00,41.66,1.04,18.75
2019-03-30 06:50:00,40.51,1.04,18.55
2019-03-30 07:00:00,40.1,1.04,18.3
2019-03-30 07:10:00,40.1,1.04,18.3
2019-03-30 07:20:00,40.1,1.04,18.3
2019-03-30 07:30:00,40.1,1.04,18.3
2019-03-30 07:40:00,40.1,1.04,18.3
2019-03-30 07:50:00,40.1,1.04,18.3
2019-03-30 08:00:00,41.84,1.04,18.51
2019-03-30 08:10:00,41.84,1.04,18.51
2019-03-30 08:20:00,41.84,1.04,18.51
2019-03-30 08:30:00,41.92,1.04,18.73
2019-03-30 08:40:00,41.92,1.04,18.73
2019-03-30 08:50:00,41.87,1.04,19.15
2019-03-30 09:00:00,42.14,1.04,19.36
2019-03-30 09:10:00,42.33,1.04,19.58
2019-03-30 09:20:00,42.33,1.04,19.58
2019-03-30 09:30:00,42.33,1.04,19.58
2019-03-30 09:40:00,42.33,1.04,19.58
2019-03-30 09:50:00,42.33,1.04,19.58
2019-03-30 10:00:00,42.33,1.04,19.58
2019-03-30 10:10:00,42.33,1.04,19.58
2019-03-30 10:20:00,42.33,1.04,19.58
2019-03-30 10:30:00,42.33,1.04,19.58
2019-03-30 10:40:00,42.33,1.04,19.58
2019-03-30 10:50:00,42.33,1.04,19.58
2019-03-30 11:00:00,42.33,1.04,19.58
2019-03-30 11:10:00,42.33,1.04,19.58
2019-03-30 11:20:00,42.33,1.04,19.58
2019-03-30 11:30:00,42.33,1.04,19.58
2019-03-30 11:40:00,42.33,1.04,19.58
2019-03-30 11:50:00,42.33,1.04,19.58
2019-03-30 12:00:00,42.33,1.04,19.58
2019-03-30 12:10:00,42.33,1.04,19.58
2019-03-30 12:20:00,42.33,1.04,19.58
2019-03-30 12:30:00,42.33,1.04,19.58
2019-03-30 12:40:00,42.33,1.04,19.58
2019-03-30 12:50:00,42.33,1.04,19.58
2019-03-30 13:00:00,42.33,1.04,19.58
2019-03-30 13:10:00,42.33,1.04,19.58
2019-03-30 13:20:00,42.33,1.04,19.58
2019-03-30 13:30:00,42.59,1.04,19.37
2019-03-30 13:40:00,42.59,1.04,19.37
2019-03-30 13:50:00,42.59,1.04,19.37
2019-03-30 14:00:00,42.59,1.04,19.37
2019-03-30 14:10:00,42.59,1.04,19.37
2019-03-30 14:20:00,42.59,1.04,19.37
2019-03-30 14:30:00,42.59,1.04,19.37
2019-03-30 14:40:00,42.59,1.04,19.37
2019-03-30 14:50:00,42.59,1.04,19.37
2019-03-30 15:00:00,42.59,1.04,19.37
2019-03-30 15:10:00,42.59,1.04,19.37
2019-03-30 15:20:00,42.59,1.04,19.37
2019-03-30 15:30:00,42.59,1.04,19.37
2019-03-30 15:40:00,42.59,1.04,19.37
2019-03-30 15:50:00,42.59,1.04,19.37
2019-03-30 16:00:00,42.59,1.04,19.37
2019-03-30 16:10:00,42.59,1.04,19.37
2019-03-30 16:20:00,42.59,1.04,19.37
2019-03-30 16:30:00,42.32,1.04,19.62
2019-03-30 16:40:00,42.08,1.04,19.86
2019-03-30 16:50:00,42.01,1.04,20.12
2019-03-30 17:00:00,42.49,1.04,20.38
2019-03-30 17:10:00,42.49,1.04,20.38
2019-03-30 17:20:00,42.49,1.04,20.38
2019-03-30 17:30:00,42.49,1.04,20.38
2019-03-30 17:40:00,45.24,1.04,20.61
2019-03-30 17:50:00,45.24,1.04,20.61
2019-03-30 18:00:00,45.24,1.04,20.61
2019-03-30 18:10:00,45.24,1.04,20.61
2019-03-30 18:20:00,44.91,1.04,20.4
2019-03-30 18:30:00,44.91,1.04,20.4
2019-03-30 18:40:00,44.0,1.04,20.63
2019-03-30 18:50:00,44.0,1.04,20.63
2019-03-30 19:00:00,43.49,1.04,20.83
2019-03-30 19:10:00,43.49,1.04,20.83
2019-03-30 19:20:00,43.12,1.04,21.06
2019-03-30 19:30:00,43.12,1.04,21.06
2019-03-30 19:40:00,43.12,1.04,21.06
2019-03-30 19:50:00,43.12,1.04,21.06
2019-03-30 20:00:00,43.73,1.04,21.26
2019-03-30 20:10:00,43.73,1.04,21.26
2019-03-30 20:20:00,43.73,1.04,21.26
2019-03-30 20:30:00,43.73,1.04,21.26
2019-03-30 20:40:00,44.1,1.04,21.06
2019-03-30 20:50:00,44.1,1.04,21.06
2019-03-30 21:00:00,44.1,1.04,21.06
2019-03-30 21:10:00,43.35,1.04,20.85
2019-03-30 21:20:00,43.35,1.04,20.85
2019-03-30 21:30:00,43.35,1.04,20.85
2019-03-30 21:40:00,42.9,1.04,20.65
2019-03-30 21:50:00,42.9,1.04,20.65
2019-03-30 22:00:00,42.9,1.04,20.65
2019-03-30 22:10:00,42.9,1.04,20.65
2019-03-30 22:20:00,42.9,1.04,20.65
2019-03-30 22:30:00,42.9,1.04,20.65
2019-03-30 22:40:00,42.77,1.04,20.43
2019-03-30 22:50:00,42.77,1.04,20.43
2019-03-30 23:00:00,42.77,1.04,20.43
2019-03-30 23:10:00,42.77,1.04,20.43
2019-03-30 23:20:00,42.77,1.04,20.43
2019-03-30 23:30:00,42.77,1.04,20.43
2019-03-30 23:40:00,42.42,1.04,20.23
2019-03-30 23:50:00,42.42,1.04,20.23
2019-03-31 00:00:00,42.42,1.04,20.23
2019-03-31 00:10:00,42.42,1.04,20.23
2019-03-31 00:20:00,42.42,1.04,20.23
2019-03-31 00:30:00,42.42,1.04,20.23
2019-03-31 00:40:00,42.49,1.04,20.03
2019-03-31 00:50:00,42.49,1.04,20.03
2019-03-31 01:00:00,42.49,1.04,20.03
2019-03-31 01:10:00,42.49,1.04,20.03
2019-03-31 01:20:00,42.49,1.04,20.03
2019-03-31 01:30:00,42.49,1.04,20.03
2019-03-31 01:40:00,42.28,1.04,19.82
2019-03-31 01:50:00,42.28,1.04,19.82
2019-03-31 02:00:00,42.28,1.04,19.82
2019-03-31 02:10:00,42.28,1.04,19.82
2019-03-31 02:20:00,42.28,1.04,19.82
2019-03-31 02:30:00,42.35,1.04,19.62
2019-03-31 02:40:00,42.35,1.04,19.62
2019-03-31 02:50:00,42.35,1.04,19.62
2019-03-31 03:00:00,42.35,1.04,19.62
2019-03-31 03:10:00,42.35,1.04,19.62
2019-03-31 03:20:00,42.35,1.04,19.62
2019-03-31 03:30:00,42.34,1.04,19.42
2019-03-31 03:40:00,42.34,1.04,19.42
2019-03-31 03:50:00,42.34,1.04,19.42
2019-03-31 04:00:00,42.34,1.04,19.42
2019-03-31 04:10:00,42.34,1.04,19.42
2019-03-31 04:20:00,42.34,1.04,19.42
2019-03-31 04:30:00,42.43,1.04,19.2
2019-03-31 04:40:00,42.43,1.04,19.2
2019-03-31 04:50:00,42.43,1.04,19.2
2019-03-31 05:00:00,42.43,1.04,19.2
2019-03-31 05:10:00,42.43,1.04,19.2
2019-03-31 05:20:00,42.43,1.04,19.2
2019-03-31 05:30:00,42.43,1.04,19.2
2019-03-31 05:40:00,42.24,1.04,19.0
2019-03-31 05:50:00,42.24,1.04,19.0
2019-03-31 06:00:00,42.24,1.04,19.0
2019-03-31 06:10:00,42.24,1.04,19.0
2019-03-31 06:20:00,42.24,1.04,19.0
2019-03-31 06:30:00,42.24,1.04,19.0
2019-03-31 06:40:00,42.24,1.04,19.0
2019-03-31 06:50:00,42.24,1.04,19.0
2019-03-31 07:00:00,42.24,1.04,19.0
2019-03-31 07:10:00,41.5,1.04,19.27
2019-03-31 07:20:00,41.27,1.04,19.51
2019-03-31 07:30:00,41.08,1.04,19.72
2019-03-31 07:40:00,41.71,1.04,19.95
2019-03-31 07:50:00,41.71,1.04,19.95
2019-03-31 08:00:00,41.71,1.04,19.95
2019-03-31 08:10:00,41.71,1.04,19.95
2019-03-31 08:20:00,41.71,1.04,19.95
2019-03-31 08:30:00,41.71,1.04,19.95
2019-03-31 08:40:00,41.71,1.04,19.95
2019-03-31 08:50:00,41.71,1.04,19.95
2019-03-31 09:00:00,41.71,1.04,19.95
2019-03-31 09:10:00,41.71,1.04,19.95
2019-03-31 09:20:00,41.71,1.04,19.95
2019-03-31 09:30:00,41.71,1.04,19.95
2019-03-31 09:40:00,41.71,1.04,19.95
2019-03-31 09:50:00,41.71,1.04,19.95
2019-03-31 10:00:00,44.49,1.04,20.16
2019-03-31 10:10:00,44.85,1.04,20.44
2019-03-31 10:20:00,44.85,1.04,20.44
2019-03-31 10:30:00,44.85,1.04,20.44
2019-03-31 10:40:00,44.7,1.04,20.65
2019-03-31 10:50:00,44.7,1.04,20.65
2019-03-31 11:00:00,44.7,1.04,20.65
2019-03-31 11:10:00,44.7,1.04,20.65
2019-03-31 11:20:00,44.7,1.04,20.65
2019-03-31 11:30:00,44.7,1.04,20.65
2019-03-31 11:40:00,44.7,1.04,20.65
2019-03-31 11:50:00,44.7,1.04,20.65
2019-03-31 12:00:00,44.17,1.04,20.44
2019-03-31 12:10:00,44.17,1.04,20.44
2019-03-31 12:20:00,44.17,1.04,20.44
2019-03-31 12:30:00,44.17,1.04,20.44
2019-03-31 12:40:00,44.17,1.04,20.44
2019-03-31 12:50:00,44.17,1.04,20.44
2019-03-31 13:00:00,44.17,1.04,20.44
2019-03-31 13:10:00,44.17,1.04,20.44
2019-03-31 13:20:00,44.17,1.04,20.44
2019-03-31 13:30:00,44.17,1.04,20.44
2019-03-31 13:40:00,44.17,1.04,20.44
2019-03-31 13:50:00,43.56,1.04,20.23
2019-03-31 14:00:00,43.56,1.04,20.23
2019-03-31 14:10:00,43.56,1.04,20.23
2019-03-31 14:20:00,43.56,1.04,20.23
2019-03-31 14:30:00,43.56,1.04,20.23
2019-03-31 14:40:00,43.56,1.04,20.23
2019-03-31 14:50:00,43.56,1.04,20.23
2019-03-31 15:00:00,43.56,1.04,20.23
2019-03-31 15:10:00,43.56,1.04,20.23
2019-03-31 15:20:00,43.56,1.04,20.23
2019-03-31 15:30:00,43.56,1.04,20.23
2019-03-31 15:40:00,43.56,1.04,20.23
2019-03-31 15:50:00,43.56,1.04,20.23
2019-03-31 16:00:00,43.56,1.04,20.23
2019-03-31 16:10:00,43.56,1.04,20.23
2019-03-31 16:20:00,43.56,1.04,20.23
2019-03-31 16:30:00,43.56,1.04,20.23
2019-03-31 16:40:00,48.96,1.04,20.06
2019-03-31 16:50:00,48.96,1.04,20.06
2019-03-31 17:00:00,48.96,1.04,20.06
2019-03-31 17:10:00,48.96,1.04,20.06
2019-03-31 17:20:00,48.96,1.04,20.06
2019-03-31 17:30:00,48.11,1.04,20.33
2019-03-31 17:40:00,47.48,1.04,20.58
2019-03-31 17:50:00,46.86,1.04,20.83
2019-03-31 18:00:00,46.1,1.04,21.05
2019-03-31 18:10:00,46.1,1.04,21.05
2019-03-31 18:20:00,45.47,1.04,21.25
2019-03-31 18:30:00,45.47,1.04,21.25
2019-03-31 18:40:00,45.47,1.04,21.25
2019-03-31 18:50:00,45.47,1.04,21.25
2019-03-31 19:00:00,45.47,1.04,21.25
2019-03-31 19:10:00,46.0,1.04,21.45
2019-03-31 19:20:00,46.1,1.04,21.25
2019-03-31 19:30:00,46.1,1.04,21.25
2019-03-31 19:40:00,46.1,1.04,21.25
2019-03-31 19:50:00,45.01,1.04,21.01
2019-03-31 20:00:00,45.01,1.04,21.01
2019-03-31 20:10:00,45.01,1.04,21.01
2019-03-31 20:20:00,45.01,1.04,21.01
2019-03-31 20:30:00,45.01,1.04,21.01
2019-03-31 20:40:00,43.97,1.04,20.81
2019-03-31 20:50:00,43.97,1.04,20.81
2019-03-31 21:00:00,43.97,1.04,20.81
2019-03-31 21:10:00,43.97,1.04,20.81
2019-03-31 21:20:00,43.97,1.04,20.81
2019-03-31 21:30:00,43.97,1.04,20.81
2019-03-31 21:40:00,43.97,1.04,20.81
2019-03-31 21:50:00,43.65,1.04,20.61
2019-03-31 22:00:00,43.65,1.04,20.61
2019-03-31 22:10:00,43.65,1.04,20.61
2019-03-31 22:20:00,43.65,1.04,20.61
2019-03-31 22:30:00,43.65,1.04,20.61
2019-03-31 22:40:00,43.65,1.04,20.61
2019-03-31 22:50:00,43.65,1.04,20.61
2019-03-31 23:00:00,43.22,1.04,20.4
2019-03-31 23:10:00,43.22,1.04,20.4
2019-03-31 23:20:00,43.22,1.04,20.4
2019-03-31 23:30:00,43.22,1.04,20.4
2019-03-31 23:40:00,43.22,1.04,20.4
2019-03-31 23:50:00,43.22,1.04,20.4
2019-04-01 00:00:00,43.22,1.04,20.4
2019-04-01 00:10:00,43.46,1.04,20.2
2019-04-01 00:20:00,43.46,1.04,20.2
2019-04-01 00:30:00,43.46,1.04,20.2
2019-04-01 00:40:00,43.46,1.04,20.2
2019-04-01 00:50:00,43.46,1.04,20.2
2019-04-01 01:00:00,43.46,1.04,20.2
2019-04-01 01:10:00,43.05,1.04,19.99
2019-04-01 01:20:00,43.05,1.04,19.99
2019-04-01 01:30:00,43.05,1.04,19.99
2019-04-01 01:40:00,43.05,1.04,19.99
2019-04-01 01:50:00,43.05,1.04,19.99
2019-04-01 02:00:00,43.05,1.04,19.99
2019-04-01 02:10:00,43.05,1.04,19.99
2019-04-01 02:20:00,43.05,1.04,19.78
2019-04-01 02:30:00,42.62,1.04,19.78
2019-04-01 02:40:00,42.62,1.04,19.78
2019-04-01 02:50:00,42.62,1.04,19.78
2019-04-01 03:00:00,42.62,1.04,19.78
2019-04-01 03:10:00,42.62,1.04,19.78
2019-04-01 03:20:00,42.62,1.04,19.78
2019-04-01 03:30:00,42.62,1.04,19.78
2019-04-01 03:40:00,42.43,1.04,19.54
2019-04-01 03:50:00,42.43,1.04,19.54
2019-04-01 04:00:00,42.43,1.04,19.54
2019-04-01 04:10:00,42.43,1.04,19.54
2019-04-01 04:20:00,42.43,1.04,19.54
2019-04-01 04:30:00,42.43,1.04,19.54
2019-04-01 04:40:00,42.43,1.04,19.54
2019-04-01 04:50:00,42.43,1.04,19.54
2019-04-01 05:00:00,42.43,1.04,19.54
2019-04-01 05:10:00,42.43,1.04,19.54
2019-04-01 05:20:00,42.43,1.04,19.54
2019-04-01 05:30:00,42.43,1.04,19.54
2019-04-01 05:40:00,42.43,1.04,19.54
2019-04-01 05:50:00,42.43,1.04,19.54
2019-04-01 06:00:00,42.43,1.04,19.54
2019-04-01 06:10:00,42.43,1.04,19.54
2019-04-01 06:20:00,42.43,1.04,19.54
2019-04-01 06:30:00,42.43,1.04,19.54
2019-04-01 06:40:00,42.43,1.04,19.54
2019-04-01 06:50:00,42.43,1.04,19.54
2019-04-01 07:00:00,42.43,1.04,19.54
2019-04-01 07:10:00,42.43,1.04,19.54
2019-04-01 07:20:00,42.43,1.04,19.54
2019-04-01 07:30:00,42.43,1.04,19.54
2019-04-01 07:40:00,42.43,1.04,19.54
2019-04-01 07:50:00,42.43,1.04,19.54
2019-04-01 08:00:00,42.43,1.04,19.54
2019-04-01 08:10:00,42.43,1.04,19.54
2019-04-01 08:20:00,42.43,1.04,19.54
2019-04-01 08:30:00,42.43,1.04,19.54
2019-04-01 08:40:00,42.43,1.04,19.54
2019-04-01 08:50:00,42.43,1.04,19.54
2019-04-01 09:00:00,42.43,1.04,19.54
2019-04-01 09:10:00,42.43,1.04,19.54
2019-04-01 09:20:00,42.62,1.04,21.19
2019-04-01 09:30:00,42.62,1.04,21.19
2019-04-01 09:40:00,42.62,1.04,21.19
2019-04-01 09:50:00,42.62,1.04,21.19
2019-04-01 10:00:00,43.56,1.04,20.97
2019-04-01 10:10:00,43.56,1.04,20.97
2019-04-01 10:20:00,43.56,1.04,20.97
2019-04-01 10:30:00,43.16,1.04,20.77
2019-04-01 10:40:00,43.16,1.04,20.77
2019-04-01 10:50:00,43.16,1.04,20.77
2019-04-01 11:00:00,43.16,1.04,20.77
2019-04-01 11:10:00,43.16,1.04,20.77
2019-04-01 11:20:00,43.16,1.04,20.77
2019-04-01 11:30:00,43.16,1.04,20.77
2019-04-01 11:40:00,42.07,1.04,20.56
2019-04-01 11:50:00,42.07,1.04,20.56
2019-04-01 12:00:00,42.07,1.04,20.56
2019-04-01 12:10:00,42.07,1.04,20.56
2019-04-01 12:20:00,42.07,1.04,20.56
2019-04-01 12:30:00,42.07,1.04,20.56
2019-04-01 12:40:00,42.07,1.04,20.56
2019-04-01 12:50:00,42.07,1.04,20.56
2019-04-01 13:00:00,42.07,1.04,20.56
2019-04-01 13:10:00,42.07,1.04,20.56
2019-04-01 13:20:00,42.07,1.04,20.56
2019-04-01 13:30:00,42.07,1.04,20.56
2019-04-01 13:40:00,42.07,1.04,20.56
2019-04-01 13:50:00,42.07,1.04,20.56
2019-04-01 14:00:00,41.83,1.04,20.8
2019-04-01 14:10:00,41.83,1.04,20.8
2019-04-01 14:20:00,41.5,1.04,21.05
2019-04-01 14:30:00,41.5,1.04,21.05
2019-04-01 14:40:00,41.5,1.04,21.05
2019-04-01 14:50:00,41.5,1.04,21.05
2019-04-01 15:00:00,41.5,1.04,21.05
2019-04-01 15:10:00,41.5,1.04,21.05
2019-04-01 15:20:00,41.5,1.04,21.05
2019-04-01 15:30:00,41.5,1.04,21.05
2019-04-01 15:40:00,41.5,1.04,21.05
2019-04-01 15:50:00,41.5,1.04,21.05
2019-04-01 16:00:00,41.5,1.04,21.05
2019-04-01 16:10:00,41.92,1.04,21.28
2019-04-01 16:20:00,41.92,1.04,21.28
2019-04-01 16:30:00,41.92,1.04,21.28
2019-04-01 16:40:00,41.95,1.04,21.5
2019-04-01 16:50:00,41.95,1.04,21.5
2019-04-01 17:00:00,41.95,1.04,21.5
2019-04-01 17:10:00,41.95,1.04,21.5
2019-04-01 17:20:00,41.95,1.04,21.5
2019-04-01 17:30:00,41.95,1.04,21.5
2019-04-01 17:40:00,41.95,1.04,21.5
2019-04-01 17:50:00,41.95,1.04,21.5
2019-04-01 18:00:00,41.95,1.04,21.5
2019-04-01 18:10:00,44.3,1.04,21.74
2019-04-01 18:20:00,43.69,1.04,21.96
2019-04-01 18:30:00,43.69,1.04,21.96
2019-04-01 18:40:00,43.69,1.04,21.96
2019-04-01 18:50:00,43.69,1.04,21.96
2019-04-01 19:00:00,44.43,1.04,22.16
2019-04-01 19:10:00,44.43,1.04,22.16
2019-04-01 19:20:00,44.43,1.04,22.16
2019-04-01 19:30:00,45.77,1.04,21.96
2019-04-01 19:40:00,45.77,1.04,21.96
2019-04-01 19:50:00,45.77,1.04,21.96
2019-04-01 20:00:00,45.77,1.04,21.96
2019-04-01 20:10:00,44.4,1.04,21.75
2019-04-01 20:20:00,44.4,1.04,21.75
2019-04-01 20:30:00,44.4,1.04,21.75
2019-04-01 20:40:00,44.4,1.04,21.75
2019-04-01 20:50:00,44.4,1.04,21.75
2019-04-01 21:00:00,43.69,1.04,21.55
2019-04-01 21:10:00,43.69,1.04,21.55
2019-04-01 21:20:00,43.69,1.04,21.55
2019-04-01 21:30:00,43.69,1.04,21.55
2019-04-01 21:40:00,43.69,1.04,21.55
2019-04-01 21:50:00,43.59,1.04,21.34
2019-04-01 22:00:00,43.59,1.04,21.34
2019-04-01 22:10:00,43.59,1.04,21.34
2019-04-01 22:20:00,43.59,1.04,21.34
2019-04-01 22:30:00,43.59,1.04,21.34
2019-04-01 22:40:00,43.59,1.04,21.34
2019-04-01 22:50:00,43.59,1.04,21.34
2019-04-01 23:00:00,43.59,1.04,21.34
2019-04-01 23:10:00,43.53,1.04,21.13
2019-04-01 23:20:00,43.53,1.04,21.13
2019-04-01 23:30:00,43.53,1.04,21.13
2019-04-01 23:40:00,43.53,1.04,21.13
2019-04-01 23:50:00,43.53,1.04,21.13
2019-04-02 00:00:00,43.53,1.04,21.13
2019-04-02 00:10:00,43.53,1.04,21.13
2019-04-02 00:20:00,43.61,1.04,20.92
2019-04-02 00:30:00,43.61,1.04,20.92
2019-04-02 00:40:00,43.61,1.04,20.92
2019-04-02 00:50:00,43.61,1.04,20.92
2019-04-02 01:00:00,43.61,1.04,20.92
2019-04-02 01:10:00,43.61,1.04,20.92
2019-04-02 01:20:00,43.7,1.04,20.71
2019-04-02 01:30:00,43.7,1.04,20.71
2019-04-02 01:40:00,43.7,1.04,20.71
2019-04-02 01:50:00,43.7,1.04,20.71
2019-04-02 02:00:00,43.7,1.04,20.71
2019-04-02 02:10:00,43.7,1.04,20.71
2019-04-02 02:20:00,43.7,1.04,20.71
2019-04-02 02:30:00,43.7,1.04,20.71
2019-04-02 02:40:00,43.61,1.04,20.5
2019-04-02 02:50:00,43.61,1.04,20.5
2019-04-02 03:00:00,43.61,1.04,20.5
2019-04-02 03:10:00,43.61,1.04,20.5
2019-04-02 03:20:00,43.61,1.04,20.5
2019-04-02 03:30:00,43.61,1.04,20.5
2019-04-02 03:40:00,43.61,1.04,20.5
2019-04-02 03:50:00,43.75,1.04,20.29
2019-04-02 04:00:00,43.75,1.04,20.29
2019-04-02 04:10:00,43.75,1.04,20.29
2019-04-02 04:20:00,43.75,1.04,20.29
2019-04-02 04:30:00,43.75,1.04,20.29
2019-04-02 04:40:00,43.75,1.04,20.29
2019-04-02 04:50:00,43.75,1.04,20.29
2019-04-02 05:00:00,43.75,1.04,20.29
2019-04-02 05:10:00,43.75,1.04,20.29
2019-04-02 05:20:00,43.93,1.04,20.05
2019-04-02 05:30:00,43.93,1.04,20.05
2019-04-02 05:40:00,43.93,1.04,20.05
2019-04-02 05:50:00,44.37,1.04,20.27
2019-04-02 06:00:00,43.76,1.04,20.49
2019-04-02 06:10:00,43.76,1.04,20.49
2019-04-02 06:20:00,43.76,1.04,20.49
2019-04-02 06:30:00,43.76,1.04,20.49
2019-04-02 06:40:00,43.8,1.04,20.71
2019-04-02 06:50:00,44.07,1.04,20.51
2019-04-02 07:00:00,43.69,1.04,20.21
2019-04-02 07:10:00,43.69,1.04,20.21
2019-04-02 07:20:00,43.69,1.04,20.21
2019-04-02 07:30:00,43.69,1.04,20.21
2019-04-02 07:40:00,43.69,1.04,20.21
2019-04-02 07:50:00,43.69,1.04,20.21
2019-04-02 08:00:00,43.69,1.04,20.21
2019-04-02 08:10:00,43.69,1.04,20.21
2019-04-02 08:20:00,45.23,1.04,20.47
2019-04-02 08:30:00,45.84,1.04,20.76
2019-04-02 08:40:00,45.84,1.04,20.76
2019-04-02 08:50:00,46.5,1.04,20.98
2019-04-02 09:00:00,46.5,1.04,20.98
2019-04-02 09:10:00,46.5,1.04,20.98
2019-04-02 09:20:00,46.5,1.04,20.98
2019-04-02 09:30:00,46.5,1.04,20.98
2019-04-02 09:40:00,46.5,1.04,20.98
2019-04-02 09:50:00,46.5,1.04,20.98
2019-04-02 10:00:00,46.5,1.04,20.98
2019-04-02 10:10:00,46.07,1.04,20.78
2019-04-02 10:20:00,46.07,1.04,20.78
2019-04-02 10:30:00,46.07,1.04,20.78
2019-04-02 10:40:00,46.07,1.04,20.78
2019-04-02 10:50:00,46.07,1.04,20.78
2019-04-02 11:00:00,46.07,1.04,20.78
2019-04-02 11:10:00,46.07,1.04,20.78
2019-04-02 11:20:00,46.07,1.04,20.78
2019-04-02 11:30:00,46.07,1.04,20.78
2019-04-02 11:40:00,46.07,1.04,20.78
2019-04-02 11:50:00,46.07,1.04,20.78
2019-04-02 12:00:00,46.07,1.04,20.78
2019-04-02 12:10:00,46.07,1.04,20.78
2019-04-02 12:20:00,44.59,1.04,20.57
2019-04-02 12:30:00,44.59,1.04,20.57
2019-04-02 12:40:00,44.59,1.04,20.57
2019-04-02 12:50:00,44.59,1.04,20.57
2019-04-02 13:00:00,44.59,1.04,20.57
2019-04-02 13:10:00,44.59,1.04,20.57
2019-04-02 13:20:00,44.59,1.04,20.57
2019-04-02 13:30:00,44.59,1.04,20.57
2019-04-02 13:40:00,44.59,1.04,20.57
2019-04-02 13:50:00,44.59,1.04,20.57
2019-04-02 14:00:00,44.59,1.04,20.57
2019-04-02 14:10:00,44.59,1.04,20.57
2019-04-02 14:20:00,44.59,1.04,20.57
2019-04-02 14:30:00,43.9,1.04,20.37
2019-04-02 14:40:00,43.9,1.04,20.37
2019-04-02 14:50:00,43.9,1.04,20.37
2019-04-02 15:00:00,43.9,1.04,20.37
2019-04-02 15:10:00,43.9,1.04,20.37
2019-04-02 15:20:00,43.9,1.04,20.37
2019-04-02 15:30:00,43.9,1.04,20.37
2019-04-02 15:40:00,48.64,1.04,20.82
2019-04-02 15:50:00,48.79,1.04,21.03
2019-04-02 16:00:00,48.98,1.04,21.27
2019-04-02 16:10:00,48.98,1.04,21.27
2019-04-02 16:20:00,48.49,1.04,21.47
2019-04-02 16:30:00,48.49,1.04,21.47
2019-04-02 16:40:00,48.49,1.04,21.47
2019-04-02 16:50:00,48.49,1.04,21.47
2019-04-02 17:00:00,48.49,1.04,21.47
2019-04-02 17:10:00,48.49,1.04,21.47
2019-04-02 17:20:00,48.49,1.04,21.47
2019-04-02 17:30:00,48.49,1.04,21.47
2019-04-02 17:40:00,48.49,1.04,21.47
2019-04-02 17:50:00,48.49,1.04,21.47
2019-04-02 18:00:00,48.49,1.04,21.47
2019-04-02 18:10:00,48.49,1.04,21.47
2019-04-02 18:20:00,48.49,1.04,21.47
2019-04-02 18:30:00,46.96,1.04,21.7
2019-04-02 18:40:00,46.96,1.04,21.7
2019-04-02 18:50:00,46.51,1.04,21.9
2019-04-02 19:00:00,47.26,1.04,22.14
2019-04-02 19:10:00,47.26,1.04,22.14
2019-04-02 19:20:00,47.26,1.04,22.14
2019-04-02 19:30:00,47.71,1.04,21.93
2019-04-02 19:40:00,47.71,1.04,21.93
2019-04-02 19:50:00,47.71,1.04,21.93
2019-04-02 20:00:00,46.88,1.04,21.71
2019-04-02 20:10:00,46.88,1.04,21.71
2019-04-02 20:20:00,46.88,1.04,21.71
2019-04-02 20:30:00,46.88,1.04,21.71
2019-04-02 20:40:00,46.88,1.04,21.71
2019-04-02 20:50:00,46.07,1.04,21.5
2019-04-02 21:00:00,46.07,1.04,21.5
2019-04-02 21:10:00,46.07,1.04,21.5
2019-04-02 21:20:00,46.07,1.04,21.5
2019-04-02 21:30:00,46.07,1.04,21.5
2019-04-02 21:40:00,46.07,1.04,21.5
2019-04-02 21:50:00,46.07,1.04,21.5
2019-04-02 22:00:00,45.65,1.04,21.29
2019-04-02 22:10:00,45.65,1.04,21.29
2019-04-02 22:20:00,45.65,1.04,21.29
2019-04-02 22:30:00,45.65,1.04,21.29
2019-04-02 22:40:00,45.65,1.04,21.29
2019-04-02 22:50:00,45.65,1.04,21.29
2019-04-02 23:00:00,45.65,1.04,21.29
2019-04-02 23:10:00,45.41,1.04,21.09
2019-04-02 23:20:00,45.41,1.04,21.09
2019-04-02 23:30:00,45.41,1.04,21.09
2019-04-02 23:40:00,45.41,1.04,21.09
2019-04-02 23:50:00,45.41,1.04,21.09
2019-04-03 00:00:00,45.41,1.04,21.09
2019-04-03 00:10:00,45.41,1.04,21.09
2019-04-03 00:20:00,45.41,1.04,21.09
2019-04-03 00:30:00,45.56,1.04,20.88
2019-04-03 00:40:00,45.56,1.04,20.88
2019-04-03 00:50:00,45.56,1.04,20.88
2019-04-03 01:00:00,45.56,1.04,20.88
2019-04-03 01:10:00,45.56,1.04,20.88
2019-04-03 01:20:00,45.56,1.04,20.88
2019-04-03 01:30:00,45.56,1.04,20.88
2019-04-03 01:40:00,45.13,1.04,20.67
2019-04-03 01:50:00,45.13,1.04,20.67
2019-04-03 02:00:00,45.13,1.04,20.67
2019-04-03 02:10:00,45.13,1.04,20.67
2019-04-03 02:20:00,45.13,1.04,20.67
2019-04-03 02:30:00,45.13,1.04,20.67
2019-04-03 02:40:00,45.13,1.04,20.67
2019-04-03 02:50:00,45.13,1.04,20.67
2019-04-03 03:00:00,45.18,1.04,20.44
2019-04-03 03:10:00,45.18,1.04,20.44
2019-04-03 03:20:00,45.18,1.04,20.44
2019-04-03 03:30:00,45.18,1.04,20.44
2019-04-03 03:40:00,45.18,1.04,20.44
2019-04-03 03:50:00,45.18,1.04,20.44
2019-04-03 04:00:00,45.18,1.04,20.44
2019-04-03 04:10:00,45.18,1.04,20.44
2019-04-03 04:20:00,45.34,1.04,20.24
2019-04-03 04:30:00,45.34,1.04,20.24
2019-04-03 04:40:00,45.34,1.04,20.24
2019-04-03 04:50:00,45.34,1.04,20.24
2019-04-03 05:00:00,45.34,1.04,20.24
2019-04-03 05:10:00,45.34,1.04,20.24
2019-04-03 05:20:00,45.66,1.04,19.96
2019-04-03 05:30:00,45.66,1.04,19.96
2019-04-03 05:40:00,45.35,1.04,19.73
2019-04-03 05:50:00,45.35,1.04,19.73
2019-04-03 06:00:00,45.35,1.04,19.73
2019-04-03 06:10:00,45.6,1.04,19.72
2019-04-03 06:20:00,45.6,1.04,19.72
2019-04-03 06:30:00,45.96,1.04,20.22
2019-04-03 06:40:00,45.65,1.04,20.43
2019-04-03 06:50:00,45.39,1.04,20.66
2019-04-03 07:00:00,45.39,1.04,20.66
2019-04-03 07:10:00,44.91,1.04,20.86
2019-04-03 07:20:00,44.88,1.04,21.07
2019-04-03 07:30:00,44.88,1.04,21.07
2019-04-03 07:40:00,44.88,1.04,21.07
2019-04-03 07:50:00,45.11,1.04,21.27
2019-04-03 08:00:00,45.11,1.04,21.27
2019-04-03 08:10:00,45.11,1.04,21.27
2019-04-03 08:20:00,45.11,1.04,21.27
2019-04-03 08:30:00,45.11,1.04,21.27
2019-04-03 08:40:00,45.11,1.04,21.27
2019-04-03 08:50:00,44.68,1.04,21.5
2019-04-03 09:00:00,44.68,1.04,21.5
2019-04-03 09:10:00,44.68,1.04,21.5
2019-04-03 09:20:00,44.68,1.04,21.5
2019-04-03 09:30:00,44.68,1.04,21.5
2019-04-03 09:40:00,44.68,1.04,21.5
2019-04-03 09:50:00,44.68,1.04,21.5
2019-04-03 10:00:00,44.68,1.04,21.5
2019-04-03 10:10:00,44.68,1.04,21.5
2019-04-03 10:20:00,44.68,1.04,21.5
2019-04-03 10:30:00,46.55,1.04,21.29
2019-04-03 10:40:00,46.55,1.04,21.29
2019-04-03 10:50:00,46.55,1.04,21.29
2019-04-03 11:00:00,46.55,1.04,21.29
2019-04-03 11:10:00,46.55,1.04,21.29
2019-04-03 11:20:00,46.81,1.04,21.08
2019-04-03 11:30:00,46.81,1.04,21.08
2019-04-03 11:40:00,46.81,1.04,21.08
2019-04-03 11:50:00,46.81,1.04,21.08
2019-04-03 12:00:00,48.37,1.04,20.87
2019-04-03 12:10:00,48.37,1.04,20.87
2019-04-03 12:20:00,48.37,1.04,20.87
2019-04-03 12:30:00,48.37,1.04,20.87
2019-04-03 12:40:00,49.28,1.04,20.67
2019-04-03 12:50:00,49.28,1.04,20.67
2019-04-03 13:00:00,49.28,1.04,20.67
2019-04-03 13:10:00,49.28,1.04,20.67
2019-04-03 13:20:00,53.83,1.04,20.44
2019-04-03 13:30:00,53.83,1.04,20.44
2019-04-03 13:40:00,53.83,1.04,20.44
2019-04-03 13:50:00,53.83,1.04,20.44
2019-04-03 14:00:00,56.98,1.04,20.67
2019-04-03 14:10:00,56.98,1.04,20.67
2019-04-03 14:20:00,55.44,1.04,20.87
2019-04-03 14:30:00,55.44,1.04,20.87
2019-04-03 14:40:00,55.44,1.04,20.87
2019-04-03 14:50:00,55.44,1.04,20.87
2019-04-03 15:00:00,55.44,1.04,20.87
2019-04-03 15:10:00,55.44,1.04,20.87
2019-04-03 15:20:00,55.44,1.04,20.87
2019-04-03 15:30:00,55.44,1.04,20.87
2019-04-03 15:40:00,55.44,1.04,20.87
2019-04-03 15:50:00,55.44,1.04,20.87
2019-04-03 16:00:00,55.44,1.04,20.87
2019-04-03 16:10:00,55.44,1.04,20.87
2019-04-03 16:20:00,55.44,1.04,20.87
2019-04-03 16:30:00,55.44,1.04,20.87
2019-04-03 16:40:00,53.15,1.04,20.67
2019-04-03 16:50:00,53.15,1.04,20.67
2019-04-03 17:00:00,53.15,1.04,20.67
2019-04-03 17:10:00,53.15,1.04,20.67
2019-04-03 17:20:00,53.15,1.04,20.67
2019-04-03 17:30:00,53.73,1.04,20.87
2019-04-03 17:40:00,53.73,1.04,20.87
2019-04-03 17:50:00,53.59,1.04,21.11
2019-04-03 18:00:00,53.59,1.04,21.11
2019-04-03 18:10:00,53.59,1.04,21.36
2019-04-03 18:20:00,53.59,1.04,21.36
2019-04-03 18:30:00,53.59,1.04,21.36
2019-04-03 18:40:00,53.28,1.04,21.57
2019-04-03 18:50:00,53.28,1.04,21.57
2019-04-03 19:00:00,53.28,1.04,21.57
2019-04-03 19:10:00,53.63,1.04,21.81
2019-04-03 19:20:00,53.34,1.04,21.56
2019-04-03 19:30:00,53.34,1.04,21.56
2019-04-03 19:40:00,53.34,1.04,21.56
2019-04-03 19:50:00,52.47,1.04,21.32
2019-04-03 20:00:00,52.47,1.04,21.32
2019-04-03 20:10:00,52.47,1.04,21.32
2019-04-03 20:20:00,51.73,1.04,21.12
2019-04-03 20:30:00,51.73,1.04,21.12
2019-04-03 20:40:00,51.73,1.04,21.12
2019-04-03 20:50:00,51.73,1.04,21.12
2019-04-03 21:00:00,51.73,1.04,21.12
2019-04-03 21:10:00,51.73,1.04,21.12
2019-04-03 21:20:00,51.44,1.04,20.91
2019-04-03 21:30:00,51.44,1.04,20.91
2019-04-03 21:40:00,51.44,1.04,20.91
2019-04-03 21:50:00,51.44,1.04,20.91
2019-04-03 22:00:00,51.4,1.04,20.7
2019-04-03 22:10:00,51.4,1.04,20.7
2019-04-03 22:20:00,51.4,1.04,20.7
2019-04-03 22:30:00,51.4,1.04,20.7
2019-04-03 22:40:00,51.55,1.04,20.49
2019-04-03 22:50:00,51.55,1.04,20.49
2019-04-03 23:00:00,51.55,1.04,20.49
2019-04-03 23:10:00,51.55,1.04,20.49
2019-04-03 23:20:00,51.55,1.04,20.49
2019-04-03 23:30:00,51.67,1.04,20.28
2019-04-03 23:40:00,51.67,1.04,20.28
2019-04-03 23:50:00,51.67,1.04,20.28
2019-04-04 00:00:00,51.67,1.04,20.28
2019-04-04 00:10:00,51.67,1.04,20.28
2019-04-04 00:20:00,51.67,1.04,20.08
2019-04-04 00:30:00,51.67,1.04,20.08
2019-04-04 00:40:00,51.67,1.04,20.08
2019-04-04 00:50:00,51.67,1.04,20.08
2019-04-04 01:00:00,51.67,1.04,20.08
2019-04-04 01:10:00,51.67,1.04,19.88
2019-04-04 01:20:00,51.67,1.04,19.88
2019-04-04 01:30:00,51.67,1.04,19.88
2019-04-04 01:40:00,51.67,1.04,19.88
2019-04-04 01:50:00,51.67,1.04,19.88
2019-04-04 02:00:00,51.67,1.04,19.88
2019-04-04 02:10:00,51.67,1.04,19.67
2019-04-04 02:20:00,51.67,1.04,19.67
2019-04-04 02:30:00,51.67,1.04,19.67
2019-04-04 02:40:00,51.67,1.04,19.67
2019-04-04 02:50:00,51.67,1.04,19.67
2019-04-04 03:00:00,51.67,1.04,19.67
2019-04-04 03:10:00,51.67,1.04,19.67
2019-04-04 03:20:00,51.43,1.04,19.89
2019-04-04 03:30:00,51.43,1.04,19.89
2019-04-04 03:40:00,51.05,1.04,20.09
2019-04-04 03:50:00,51.05,1.04,20.09
2019-04-04 04:00:00,51.05,1.04,20.09
2019-04-04 04:10:00,51.05,1.04,20.09
2019-04-04 04:20:00,51.05,1.04,20.09
2019-04-04 04:30:00,51.05,1.04,20.09
2019-04-04 04:40:00,51.05,1.04,20.09
2019-04-04 04:50:00,51.05,1.04,20.09
2019-04-04 05:00:00,51.05,1.04,20.09
2019-04-04 05:10:00,51.05,1.04,20.09
2019-04-04 05:20:00,53.29,1.04,19.64
2019-04-04 05:30:00,54.83,1.04,19.18
2019-04-04 05:40:00,55.01,1.04,18.95
2019-04-04 05:50:00,55.4,1.04,19.17
2019-04-04 06:00:00,54.94,1.04,19.38
2019-04-04 06:10:00,56.41,1.04,19.6
2019-04-04 06:20:00,56.41,1.04,19.6
2019-04-04 06:30:00,56.41,1.04,19.6
2019-04-04 06:40:00,56.41,1.04,19.6
2019-04-04 06:50:00,56.41,1.04,19.6
2019-04-04 07:00:00,56.41,1.04,19.6
2019-04-04 07:10:00,56.41,1.04,19.6
2019-04-04 07:20:00,56.41,1.04,19.6
2019-04-04 07:30:00,56.41,1.04,19.6
2019-04-04 07:40:00,56.41,1.04,19.6
2019-04-04 07:50:00,56.41,1.04,19.6
2019-04-04 08:00:00,56.41,1.04,19.6
2019-04-04 08:10:00,56.41,1.04,19.6
2019-04-04 08:20:00,54.89,1.04,19.39
2019-04-04 08:30:00,54.89,1.04,19.39
2019-04-04 08:40:00,54.89,1.04,19.39
2019-04-04 08:50:00,54.89,1.04,19.39
2019-04-04 09:00:00,54.89,1.04,19.39
2019-04-04 09:10:00,54.89,1.04,19.39
2019-04-04 09:20:00,54.89,1.04,19.39
2019-04-04 09:30:00,54.89,1.04,19.39
2019-04-04 09:40:00,54.89,1.04,19.39
2019-04-04 09:50:00,54.89,1.04,19.39
2019-04-04 10:00:00,54.89,1.04,19.39
2019-04-04 10:10:00,54.89,1.04,19.39
2019-04-04 10:20:00,56.69,1.04,19.18
2019-04-04 10:30:00,56.69,1.04,19.18
2019-04-04 10:40:00,56.69,1.04,19.18
2019-04-04 10:50:00,56.69,1.04,19.18
2019-04-04 11:00:00,56.69,1.04,19.18
2019-04-04 11:10:00,56.69,1.04,19.18
2019-04-04 11:20:00,55.74,1.04,18.98
2019-04-04 11:30:00,55.74,1.04,18.98
2019-04-04 11:40:00,55.74,1.04,18.98
2019-04-04 11:50:00,55.74,1.04,18.98
2019-04-04 12:00:00,55.74,1.04,18.98
2019-04-04 12:10:00,55.74,1.04,18.98
2019-04-04 12:20:00,55.74,1.04,18.98
2019-04-04 12:30:00,55.74,1.04,18.98
2019-04-04 12:40:00,55.74,1.04,18.98
2019-04-04 12:50:00,55.74,1.04,18.98
2019-04-04 13:00:00,55.74,1.04,18.98
2019-04-04 13:10:00,55.74,1.04,18.98
2019-04-04 13:20:00,55.34,1.04,18.77
2019-04-04 13:30:00,55.34,1.04,18.77
2019-04-04 13:40:00,55.73,1.04,19.03
2019-04-04 13:50:00,55.69,1.04,19.29
2019-04-04 14:00:00,55.24,1.04,19.5
2019-04-04 14:10:00,55.24,1.04,19.5
2019-04-04 14:20:00,54.79,1.04,19.72
2019-04-04 14:30:00,54.79,1.04,19.72
2019-04-04 14:40:00,54.79,1.04,19.72
2019-04-04 14:50:00,54.79,1.04,19.72
2019-04-04 15:00:00,54.79,1.04,19.72
2019-04-04 15:10:00,54.79,1.04,19.72
2019-04-04 15:20:00,54.79,1.04,19.72
2019-04-04 15:30:00,54.79,1.04,19.72
2019-04-04 15:40:00,54.79,1.04,19.72
2019-04-04 15:50:00,54.79,1.04,19.72
2019-04-04 16:00:00,54.79,1.04,19.72
2019-04-04 16:10:00,54.79,1.04,19.72
2019-04-04 16:20:00,54.79,1.04,19.72
2019-04-04 16:30:00,56.59,1.04,19.49
2019-04-04 16:40:00,56.59,1.04,19.49
2019-04-04 16:50:00,56.59,1.04,19.49
2019-04-04 17:00:00,56.59,1.04,19.49
2019-04-04 17:10:00,56.59,1.04,19.49
2019-04-04 17:20:00,56.59,1.04,19.49
2019-04-04 17:30:00,56.59,1.04,19.49
2019-04-04 17:40:00,55.98,1.04,19.75
2019-04-04 17:50:00,55.71,1.04,19.95
2019-04-04 18:00:00,55.71,1.04,19.95
2019-04-04 18:10:00,55.71,1.04,19.95
2019-04-04 18:20:00,55.71,1.04,19.95
2019-04-04 18:30:00,54.56,1.04,20.16
2019-04-04 18:40:00,54.56,1.04,20.16
2019-04-04 18:50:00,54.56,1.04,20.16
2019-04-04 19:00:00,54.64,1.04,20.48
2019-04-04 19:10:00,54.64,1.04,20.48
2019-04-04 19:20:00,54.64,1.04,20.48
2019-04-04 19:30:00,54.64,1.04,20.48
2019-04-04 19:40:00,54.64,1.04,20.48
2019-04-04 19:50:00,54.64,1.04,20.48
2019-04-04 20:00:00,53.86,1.04,20.26
2019-04-04 20:10:00,53.86,1.04,20.26
2019-04-04 20:20:00,53.86,1.04,20.26
2019-04-04 20:30:00,53.86,1.04,20.26
2019-04-04 20:40:00,53.41,1.04,20.06
2019-04-04 20:50:00,53.41,1.04,20.06
2019-04-04 21:00:00,53.41,1.04,20.06
2019-04-04 21:10:00,53.41,1.04,20.06
2019-04-04 21:20:00,53.27,1.04,19.84
2019-04-04 21:30:00,53.27,1.04,19.84
2019-04-04 21:40:00,53.27,1.04,19.84
2019-04-04 21:50:00,53.27,1.04,19.84
2019-04-04 22:00:00,53.27,1.04,19.84
2019-04-04 22:10:00,52.92,1.04,19.62
2019-04-04 22:20:00,52.92,1.04,19.62
2019-04-04 22:30:00,52.92,1.04,19.62
2019-04-04 22:40:00,52.92,1.04,19.62
2019-04-04 22:50:00,52.92,1.04,19.62
2019-04-04 23:00:00,52.34,1.04,19.42
2019-04-04 23:10:00,52.34,1.04,19.42
2019-04-04 23:20:00,52.34,1.04,19.42
2019-04-04 23:30:00,52.34,1.04,19.42
2019-04-04 23:40:00,52.34,1.04,19.42
2019-04-04 23:50:00,52.34,1.04,19.42
2019-04-05 00:00:00,52.17,1.04,19.21
2019-04-05 00:10:00,52.17,1.04,19.21
2019-04-05 00:20:00,52.17,1.04,19.21
2019-04-05 00:30:00,52.17,1.04,19.21
2019-04-05 00:40:00,52.17,1.04,19.21
2019-04-05 00:50:00,51.91,1.04,19.0
2019-04-05 01:00:00,51.91,1.04,19.0
2019-04-05 01:10:00,51.91,1.04,19.0
2019-04-05 01:20:00,51.91,1.04,19.0
2019-04-05 01:30:00,51.91,1.04,19.0
2019-04-05 01:40:00,51.91,1.04,19.0
2019-04-05 01:50:00,51.91,1.04,19.0
2019-04-05 02:00:00,51.74,1.04,18.79
2019-04-05 02:10:00,51.74,1.04,18.79
2019-04-05 02:20:00,51.74,1.04,18.79
2019-04-05 02:30:00,51.74,1.04,18.79
2019-04-05 02:40:00,51.74,1.04,18.79
2019-04-05 02:50:00,51.56,1.04,18.59
2019-04-05 03:00:00,51.56,1.04,18.59
2019-04-05 03:10:00,51.56,1.04,18.59
2019-04-05 03:20:00,51.56,1.04,18.59
2019-04-05 03:30:00,51.56,1.04,18.59
2019-04-05 03:40:00,51.56,1.04,18.59
2019-04-05 03:50:00,51.56,1.04,18.59
2019-04-05 04:00:00,51.56,1.04,18.59
2019-04-05 04:10:00,51.41,1.04,18.39
2019-04-05 04:20:00,51.41,1.04,18.39
2019-04-05 04:30:00,51.41,1.04,18.39
2019-04-05 04:40:00,51.41,1.04,18.39
2019-04-05 04:50:00,51.41,1.04,18.39
2019-04-05 05:00:00,51.41,1.04,18.39
2019-04-05 05:10:00,52.0,1.04,18.07
2019-04-05 05:20:00,52.43,1.04,17.82
2019-04-05 05:30:00,52.43,1.04,17.82
2019-04-05 05:40:00,52.43,1.04,17.82
2019-04-05 05:50:00,52.43,1.04,17.82
2019-04-05 06:00:00,53.13,1.04,18.06
2019-04-05 06:10:00,53.13,1.04,18.06
2019-04-05 06:20:00,54.03,1.04,18.28
2019-04-05 06:30:00,53.57,1.04,18.58
2019-04-05 06:40:00,52.5,1.04,19.01
2019-04-05 06:50:00,52.5,1.04,19.01
2019-04-05 07:00:00,52.5,1.04,19.01
2019-04-05 07:10:00,52.5,1.04,19.21
2019-04-05 07:20:00,51.18,1.04,19.21
2019-04-05 07:30:00,51.18,1.04,19.21
2019-04-05 07:40:00,51.18,1.04,19.21
2019-04-05 07:50:00,51.08,1.04,19.42
2019-04-05 08:00:00,51.08,1.04,19.42
2019-04-05 08:10:00,51.08,1.04,19.42
2019-04-05 08:20:00,51.08,1.04,19.42
2019-04-05 08:30:00,51.08,1.04,19.42
2019-04-05 08:40:00,51.08,1.04,19.42
2019-04-05 08:50:00,51.08,1.04,19.42
2019-04-05 09:00:00,51.08,1.04,19.42
2019-04-05 09:10:00,51.08,1.04,19.42
2019-04-05 09:20:00,51.08,1.04,19.42
2019-04-05 09:30:00,54.81,1.04,19.2
2019-04-05 09:40:00,54.81,1.04,19.2
2019-04-05 09:50:00,54.81,1.04,19.2
2019-04-05 10:00:00,54.81,1.04,19.2
2019-04-05 10:10:00,54.81,1.04,19.2
2019-04-05 10:20:00,54.81,1.04,19.2
2019-04-05 10:30:00,54.81,1.04,19.2
2019-04-05 10:40:00,54.69,1.04,19.0
2019-04-05 10:50:00,54.69,1.04,19.0
2019-04-05 11:00:00,54.69,1.04,19.0
2019-04-05 11:10:00,54.69,1.04,19.0
2019-04-05 11:20:00,53.55,1.04,19.21
2019-04-05 11:30:00,53.17,1.04,19.44
2019-04-05 11:40:00,52.57,1.04,19.64
2019-04-05 11:50:00,52.57,1.04,19.64
2019-04-05 12:00:00,51.86,1.04,19.86
2019-04-05 12:10:00,51.86,1.04,19.86
2019-04-05 12:20:00,51.86,1.04,19.86
2019-04-05 12:30:00,51.86,1.04,19.86
2019-04-05 12:40:00,51.86,1.04,19.86
2019-04-05 12:50:00,51.86,1.04,19.86
2019-04-05 13:00:00,51.86,1.04,19.86
2019-04-05 13:10:00,51.86,1.04,19.86
2019-04-05 13:20:00,50.56,1.04,20.08
2019-04-05 13:30:00,50.61,1.04,20.34
2019-04-05 13:40:00,55.02,1.04,20.54
2019-04-05 13:50:00,55.02,1.04,20.54
2019-04-05 14:00:00,54.53,1.04,20.76
2019-04-05 14:10:00,54.53,1.04,20.76
2019-04-05 14:20:00,54.53,1.04,20.76
2019-04-05 14:30:00,54.53,1.04,20.76
2019-04-05 14:40:00,54.53,1.04,20.76
2019-04-05 14:50:00,54.53,1.04,20.76
2019-04-05 15:00:00,54.53,1.04,20.76
2019-04-05 15:10:00,52.53,1.04,20.54
2019-04-05 15:20:00,52.53,1.04,20.54
2019-04-05 15:30:00,52.53,1.04,20.54
2019-04-05 15:40:00,51.86,1.04,20.33
2019-04-05 15:50:00,51.86,1.04,20.33
2019-04-05 16:00:00,51.86,1.04,20.33
2019-04-05 16:10:00,51.86,1.04,20.33
2019-04-05 16:20:00,51.86,1.04,20.33
2019-04-05 16:30:00,51.86,1.04,20.33
2019-04-05 16:40:00,51.8,1.04,20.58
2019-04-05 16:50:00,51.8,1.04,20.58
2019-04-05 17:00:00,51.17,1.04,20.8
2019-04-05 17:10:00,51.17,1.04,20.8
2019-04-05 17:20:00,51.17,1.04,20.8
2019-04-05 17:30:00,51.7,1.04,21.01
2019-04-05 17:40:00,51.7,1.04,21.01
2019-04-05 17:50:00,51.7,1.04,21.01
2019-04-05 18:00:00,51.7,1.04,21.01
2019-04-05 18:10:00,51.66,1.04,20.79
2019-04-05 18:20:00,51.66,1.04,20.79
2019-04-05 18:30:00,51.66,1.04,20.79
2019-04-05 18:40:00,51.66,1.04,20.79
2019-04-05 18:50:00,51.66,1.04,20.79
2019-04-05 19:00:00,53.01,1.04,21.35
2019-04-05 19:10:00,53.74,1.04,21.57
2019-04-05 19:20:00,53.74,1.04,21.57
2019-04-05 19:30:00,53.65,1.04,21.36
2019-04-05 19:40:00,53.65,1.04,21.36
2019-04-05 19:50:00,53.65,1.04,21.36
2019-04-05 20:00:00,53.08,1.04,21.15
2019-04-05 20:10:00,53.08,1.04,21.15
2019-04-05 20:20:00,53.08,1.04,21.15
2019-04-05 20:30:00,52.27,1.04,20.95
2019-04-05 20:40:00,52.27,1.04,20.95
2019-04-05 20:50:00,52.27,1.04,20.95
2019-04-05 21:00:00,52.27,1.04,20.95
2019-04-05 21:10:00,52.27,1.04,20.95
2019-04-05 21:20:00,51.65,1.04,20.75
2019-04-05 21:30:00,51.65,1.04,20.75
2019-04-05 21:40:00,51.65,1.04,20.75
2019-04-05 21:50:00,51.35,1.04,20.54
2019-04-05 22:00:00,51.35,1.04,20.54
2019-04-05 22:10:00,51.35,1.04,20.54
2019-04-05 22:20:00,51.35,1.04,20.54
2019-04-05 22:30:00,51.36,1.04,20.34
2019-04-05 22:40:00,51.36,1.04,20.34
2019-04-05 22:50:00,51.36,1.04,20.34
2019-04-05 23:00:00,51.36,1.04,20.34
2019-04-05 23:10:00,51.36,1.04,20.34
2019-04-05 23:20:00,51.36,1.04,20.34
2019-04-05 23:30:00,51.99,1.04,20.12
2019-04-05 23:40:00,51.99,1.04,20.12
2019-04-05 23:50:00,51.99,1.04,20.12
2019-04-06 00:00:00,51.99,1.04,20.12
2019-04-06 00:10:00,51.99,1.04,20.12
2019-04-06 00:20:00,51.99,1.04,20.12
2019-04-06 00:30:00,51.99,1.04,20.12
2019-04-06 00:40:00,52.5,1.04,19.92
2019-04-06 00:50:00,52.5,1.04,19.92
2019-04-06 01:00:00,52.5,1.04,19.92
2019-04-06 01:10:00,52.5,1.04,19.92
2019-04-06 01:20:00,52.29,1.04,19.69
2019-04-06 01:30:00,52.29,1.04,19.69
2019-04-06 01:40:00,52.29,1.04,19.69
2019-04-06 01:50:00,52.29,1.04,19.69
2019-04-06 02:00:00,52.29,1.04,19.69
2019-04-06 02:10:00,52.29,1.04,19.69
2019-04-06 02:20:00,52.29,1.04,19.69
2019-04-06 02:30:00,51.76,1.04,19.49
2019-04-06 02:40:00,51.76,1.04,19.49
2019-04-06 02:50:00,51.76,1.04,19.49
2019-04-06 03:00:00,51.76,1.04,19.49
2019-04-06 03:10:00,51.76,1.04,19.49
2019-04-06 03:20:00,51.76,1.04,19.49
2019-04-06 03:30:00,51.76,1.04,19.49
2019-04-06 03:40:00,51.44,1.04,19.27
2019-04-06 03:50:00,51.44,1.04,19.27
2019-04-06 04:00:00,51.44,1.04,19.27
2019-04-06 04:10:00,51.44,1.04,19.27
2019-04-06 04:20:00,51.44,1.04,19.27
2019-04-06 04:30:00,51.44,1.04,19.27
2019-04-06 04:40:00,51.44,1.04,19.27
2019-04-06 04:50:00,51.44,1.04,19.27
2019-04-06 05:00:00,51.15,1.04,19.06
2019-04-06 05:10:00,51.15,1.04,19.06
2019-04-06 05:20:00,51.15,1.04,19.06
2019-04-06 05:30:00,51.15,1.04,19.06
2019-04-06 05:40:00,51.15,1.04,19.06
2019-04-06 05:50:00,51.15,1.04,19.06
2019-04-06 06:00:00,51.15,1.04,19.06
2019-04-06 06:10:00,51.35,1.04,18.83
2019-04-06 06:20:00,51.35,1.04,18.83
2019-04-06 06:30:00,51.35,1.04,18.83
2019-04-06 06:40:00,51.35,1.04,18.83
2019-04-06 06:50:00,51.35,1.04,18.83
2019-04-06 07:00:00,51.35,1.04,18.83
2019-04-06 07:10:00,51.35,1.04,18.83
2019-04-06 07:20:00,51.35,1.04,18.83
2019-04-06 07:30:00,51.74,1.04,19.08
2019-04-06 07:40:00,51.62,1.04,19.29
2019-04-06 07:50:00,51.54,1.04,19.49
2019-04-06 08:00:00,51.18,1.04,19.72
2019-04-06 08:10:00,51.18,1.04,19.72
2019-04-06 08:20:00,51.18,1.04,19.72
2019-04-06 08:30:00,51.12,1.04,19.93
2019-04-06 08:40:00,51.12,1.04,19.93
2019-04-06 08:50:00,51.12,1.04,19.93
2019-04-06 09:00:00,51.12,1.04,19.93
2019-04-06 09:10:00,51.12,1.04,19.93
2019-04-06 09:20:00,51.12,1.04,19.93
2019-04-06 09:30:00,51.47,1.04,19.73
2019-04-06 09:40:00,51.47,1.04,19.73
2019-04-06 09:50:00,51.47,1.04,19.73
2019-04-06 10:00:00,56.54,1.04,19.6
2019-04-06 10:10:00,56.54,1.04,19.6
2019-04-06 10:20:00,56.54,1.04,19.6
2019-04-06 10:30:00,56.54,1.04,19.6
2019-04-06 10:40:00,56.54,1.04,19.6
2019-04-06 10:50:00,56.54,1.04,19.6
2019-04-06 11:00:00,56.54,1.04,19.6
2019-04-06 11:10:00,56.54,1.04,19.6
2019-04-06 11:20:00,56.54,1.04,19.6
2019-04-06 11:30:00,58.97,1.04,19.39
2019-04-06 11:40:00,58.97,1.04,19.39
2019-04-06 11:50:00,58.97,1.04,19.39
2019-04-06 12:00:00,58.97,1.04,19.39
2019-04-06 12:10:00,58.97,1.04,19.39
2019-04-06 12:20:00,58.97,1.04,19.39
2019-04-06 12:30:00,58.97,1.04,19.39
2019-04-06 12:40:00,58.97,1.04,19.39
2019-04-06 12:50:00,57.29,1.04,19.17
2019-04-06 13:00:00,57.29,1.04,19.17
2019-04-06 13:10:00,57.29,1.04,19.17
2019-04-06 13:20:00,57.29,1.04,19.17
2019-04-06 13:30:00,57.01,1.04,19.39
2019-04-06 13:40:00,57.16,1.04,19.62
2019-04-06 13:50:00,57.27,1.04,19.87
2019-04-06 14:00:00,57.33,1.04,20.1
2019-04-06 14:10:00,57.33,1.04,20.1
2019-04-06 14:20:00,57.33,1.04,20.1
2019-04-06 14:30:00,57.33,1.04,20.1
2019-04-06 14:40:00,57.33,1.04,20.1
2019-04-06 14:50:00,57.33,1.04,20.1
2019-04-06 15:00:00,57.33,1.04,20.1
2019-04-06 15:10:00,57.33,1.04,20.1
2019-04-06 15:20:00,57.33,1.04,20.1
2019-04-06 15:30:00,57.33,1.04,20.1
2019-04-06 15:40:00,57.33,1.04,20.1
2019-04-06 15:50:00,57.33,1.04,20.1
2019-04-06 16:00:00,57.33,1.04,20.1
2019-04-06 16:10:00,57.33,1.04,20.1
2019-04-06 16:20:00,57.33,1.04,20.1
2019-04-06 16:30:00,57.33,1.04,20.1
2019-04-06 16:40:00,57.33,1.04,20.31
2019-04-06 16:50:00,57.33,1.04,20.31
2019-04-06 17:00:00,57.33,1.04,20.31
2019-04-06 17:10:00,57.33,1.04,20.31
2019-04-06 17:20:00,57.33,1.04,20.31
2019-04-06 17:30:00,57.33,1.04,20.31
2019-04-06 17:40:00,57.33,1.04,20.31
2019-04-06 17:50:00,57.33,1.04,20.31
2019-04-06 18:00:00,57.33,1.04,20.31
2019-04-06 18:10:00,57.33,1.04,20.31
2019-04-06 18:20:00,57.33,1.04,20.31
2019-04-06 18:30:00,56.55,1.04,20.53
2019-04-06 18:40:00,56.23,1.04,20.73
2019-04-06 18:50:00,56.24,1.04,20.95
2019-04-06 19:00:00,56.24,1.04,20.95
2019-04-06 19:10:00,56.24,1.04,20.95
2019-04-06 19:20:00,56.24,1.04,20.95
2019-04-06 19:30:00,56.24,1.04,20.95
2019-04-06 19:40:00,56.24,1.04,20.95
2019-04-06 19:50:00,56.24,1.04,20.95
2019-04-06 20:00:00,56.24,1.04,20.95
2019-04-06 20:10:00,55.12,1.04,20.73
2019-04-06 20:20:00,55.12,1.04,20.73
2019-04-06 20:30:00,55.12,1.04,20.73
2019-04-06 20:40:00,54.82,1.04,20.53
2019-04-06 20:50:00,54.82,1.04,20.53
2019-04-06 21:00:00,54.82,1.04,20.53
2019-04-06 21:10:00,54.82,1.04,20.53
2019-04-06 21:20:00,54.78,1.04,20.33
2019-04-06 21:30:00,54.78,1.04,20.33
2019-04-06 21:40:00,54.78,1.04,20.33
2019-04-06 21:50:00,54.78,1.04,20.33
2019-04-06 22:00:00,54.78,1.04,20.33
2019-04-06 22:10:00,54.78,1.04,20.33
2019-04-06 22:20:00,54.7,1.04,20.12
2019-04-06 22:30:00,54.7,1.04,20.12
2019-04-06 22:40:00,54.7,1.04,20.12
2019-04-06 22:50:00,54.7,1.04,20.12
2019-04-06 23:00:00,54.52,1.04,19.92
2019-04-06 23:10:00,54.52,1.04,19.92
2019-04-06 23:20:00,54.52,1.04,19.92
2019-04-06 23:30:00,54.52,1.04,19.92
2019-04-06 23:40:00,54.52,1.04,19.92
2019-04-06 23:50:00,54.36,1.04,19.72
2019-04-07 00:00:00,54.36,1.04,19.72
2019-04-07 00:10:00,54.36,1.04,19.72
2019-04-07 00:20:00,54.36,1.04,19.72
2019-04-07 00:30:00,54.36,1.04,19.72
2019-04-07 00:40:00,54.36,1.04,19.72
2019-04-07 00:50:00,54.36,1.04,19.72
2019-04-07 01:00:00,54.16,1.04,19.51
2019-04-07 01:10:00,54.16,1.04,19.51
2019-04-07 01:20:00,54.16,1.04,19.51
2019-04-07 01:30:00,54.16,1.04,19.51
2019-04-07 01:40:00,54.16,1.04,19.51
2019-04-07 01:50:00,54.16,1.04,19.51
2019-04-07 02:00:00,54.03,1.04,19.3
2019-04-07 02:10:00,54.03,1.04,19.3
2019-04-07 02:20:00,54.03,1.04,19.3
2019-04-07 02:30:00,54.03,1.04,19.3
2019-04-07 02:40:00,54.03,1.04,19.3
2019-04-07 02:50:00,54.03,1.04,19.3
2019-04-07 03:00:00,54.03,1.04,19.3
2019-04-07 03:10:00,54.03,1.04,19.3
2019-04-07 03:20:00,53.99,1.04,19.08
2019-04-07 03:30:00,53.99,1.04,19.08
2019-04-07 03:40:00,53.99,1.04,19.08
2019-04-07 03:50:00,53.99,1.04,19.08
2019-04-07 04:00:00,53.99,1.04,19.08
2019-04-07 04:10:00,53.99,1.04,19.08
2019-04-07 04:20:00,53.99,1.04,19.08
2019-04-07 04:30:00,53.99,1.04,19.08
2019-04-07 04:40:00,53.99,1.04,19.08
2019-04-07 04:50:00,53.95,1.04,18.88
2019-04-07 05:00:00,53.95,1.04,18.88
2019-04-07 05:10:00,53.95,1.04,18.88
2019-04-07 05:20:00,53.95,1.04,18.88
2019-04-07 05:30:00,53.95,1.04,18.88
2019-04-07 05:40:00,53.95,1.04,18.88
2019-04-07 05:50:00,53.95,1.04,18.88
2019-04-07 06:00:00,53.95,1.04,18.88
2019-04-07 06:10:00,54.8,1.04,18.42
2019-04-07 06:20:00,55.5,1.04,18.13
2019-04-07 06:30:00,55.5,1.04,18.13
2019-04-07 06:40:00,55.5,1.04,18.13
2019-04-07 06:50:00,55.5,1.04,18.13
2019-04-07 07:00:00,55.58,1.04,18.33
2019-04-07 07:10:00,55.58,1.04,18.33
2019-04-07 07:20:00,55.58,1.04,18.33
2019-04-07 07:30:00,57.25,1.04,18.6
2019-04-07 07:40:00,56.82,1.04,18.8
2019-04-07 07:50:00,56.39,1.04,19.04
2019-04-07 08:00:00,56.71,1.04,19.27
2019-04-07 08:10:00,56.71,1.04,19.27
2019-04-07 08:20:00,56.37,1.04,19.48
2019-04-07 08:30:00,56.37,1.04,19.48
2019-04-07 08:40:00,56.37,1.04,19.48
2019-04-07 08:50:00,56.37,1.04,19.48
2019-04-07 09:00:00,56.37,1.04,19.48
2019-04-07 09:10:00,56.37,1.04,19.48
2019-04-07 09:20:00,56.37,1.04,19.48
2019-04-07 09:30:00,56.37,1.04,19.48
2019-04-07 09:40:00,56.37,1.04,19.48
2019-04-07 09:50:00,54.95,1.04,19.24
2019-04-07 10:00:00,54.95,1.04,19.24
2019-04-07 10:10:00,54.95,1.04,19.24
2019-04-07 10:20:00,54.95,1.04,19.24
2019-04-07 10:30:00,54.95,1.04,19.24
2019-04-07 10:40:00,54.95,1.04,19.24
2019-04-07 10:50:00,54.95,1.04,19.24
2019-04-07 11:00:00,54.52,1.04,19.01
2019-04-07 11:10:00,54.52,1.04,19.01
2019-04-07 11:20:00,54.52,1.04,19.01
2019-04-07 11:30:00,54.52,1.04,19.01
2019-04-07 11:40:00,55.53,1.04,19.28
2019-04-07 11:50:00,55.21,1.04,19.5
2019-04-07 12:00:00,54.63,1.04,19.75
2019-04-07 12:10:00,54.63,1.04,19.75
2019-04-07 12:20:00,54.63,1.04,19.75
2019-04-07 12:30:00,54.63,1.04,19.75
2019-04-07 12:40:00,54.63,1.04,19.75
2019-04-07 12:50:00,54.63,1.04,19.75
2019-04-07 13:00:00,54.63,1.04,19.75
2019-04-07 13:10:00,54.63,1.04,19.75
2019-04-07 13:20:00,54.63,1.04,19.75
2019-04-07 13:30:00,53.27,1.04,19.52
2019-04-07 13:40:00,53.27,1.04,19.52
2019-04-07 13:50:00,53.27,1.04,19.52
2019-04-07 14:00:00,53.27,1.04,19.52
2019-04-07 14:10:00,53.27,1.04,19.52
2019-04-07 14:20:00,53.21,1.04,19.29
2019-04-07 14:30:00,53.21,1.04,19.29
2019-04-07 14:40:00,53.21,1.04,19.29
2019-04-07 14:50:00,53.21,1.04,19.29
2019-04-07 15:00:00,53.21,1.04,19.29
2019-04-07 15:10:00,53.21,1.04,19.29
2019-04-07 15:20:00,53.21,1.04,19.29
2019-04-07 15:30:00,53.21,1.04,19.29
2019-04-07 15:40:00,53.21,1.04,19.29
2019-04-07 15:50:00,53.59,1.04,19.52
2019-04-07 16:00:00,53.56,1.04,19.74
2019-04-07 16:10:00,53.56,1.04,19.74
2019-04-07 16:20:00,53.49,1.04,19.95
2019-04-07 16:30:00,53.49,1.04,19.95
2019-04-07 16:40:00,53.62,1.04,20.2
2019-04-07 16:50:00,53.62,1.04,20.2
2019-04-07 17:00:00,53.62,1.04,20.2
2019-04-07 17:10:00,53.62,1.04,20.2
2019-04-07 17:20:00,53.62,1.04,20.2
2019-04-07 17:30:00,53.62,1.04,20.2
2019-04-07 17:40:00,53.62,1.04,20.2
2019-04-07 17:50:00,53.62,1.04,20.2
2019-04-07 18:00:00,53.62,1.04,20.2
2019-04-07 18:10:00,53.62,1.04,20.2
2019-04-07 18:20:00,53.62,1.04,20.2
2019-04-07 18:30:00,53.62,1.04,20.2
2019-04-07 18:40:00,53.62,1.04,20.2
2019-04-07 18:50:00,53.97,1.04,20.44
2019-04-07 19:00:00,53.97,1.04,20.44
2019-04-07 19:10:00,54.45,1.04,20.73
2019-04-07 19:20:00,54.45,1.04,20.73
2019-04-07 19:30:00,54.45,1.04,20.73
2019-04-07 19:40:00,54.45,1.04,20.73
2019-04-07 19:50:00,54.45,1.04,20.73
2019-04-07 20:00:00,54.45,1.04,20.73
2019-04-07 20:10:00,54.32,1.04,20.52
2019-04-07 20:20:00,54.32,1.04,20.52
2019-04-07 20:30:00,54.32,1.04,20.52
2019-04-07 20:40:00,53.98,1.04,20.31
2019-04-07 20:50:00,53.98,1.04,20.31
2019-04-07 21:00:00,53.98,1.04,20.31
2019-04-07 21:10:00,53.98,1.04,20.31
2019-04-07 21:20:00,53.94,1.04,20.1
2019-04-07 21:30:00,53.94,1.04,20.1
2019-04-07 21:40:00,53.94,1.04,20.1
2019-04-07 21:50:00,53.94,1.04,20.1
2019-04-07 22:00:00,53.94,1.04,20.1
2019-04-07 22:10:00,54.05,1.04,19.9
2019-04-07 22:20:00,54.05,1.04,19.9
2019-04-07 22:30:00,54.05,1.04,19.9
2019-04-07 22:40:00,54.05,1.04,19.9
2019-04-07 22:50:00,54.05,1.04,19.9
2019-04-07 23:00:00,54.05,1.04,19.67
2019-04-07 23:10:00,54.05,1.04,19.67
2019-04-07 23:20:00,54.05,1.04,19.67
2019-04-07 23:30:00,54.05,1.04,19.67
2019-04-07 23:40:00,54.05,1.04,19.67
2019-04-07 23:50:00,54.05,1.04,19.67
2019-04-08 00:00:00,54.18,1.04,19.47
2019-04-08 00:10:00,54.18,1.04,19.47
2019-04-08 00:20:00,54.18,1.04,19.47
2019-04-08 00:30:00,54.18,1.04,19.47
2019-04-08 00:40:00,54.18,1.04,19.47
2019-04-08 00:50:00,54.18,1.04,19.27
2019-04-08 01:00:00,54.18,1.04,19.27
2019-04-08 01:10:00,54.18,1.04,19.27
2019-04-08 01:20:00,54.18,1.04,19.27
2019-04-08 01:30:00,54.18,1.04,19.27
2019-04-08 01:40:00,54.1,1.04,19.06
2019-04-08 01:50:00,54.1,1.04,19.06
2019-04-08 02:00:00,54.1,1.04,19.06
2019-04-08 02:10:00,54.1,1.04,19.06
2019-04-08 02:20:00,54.1,1.04,19.06
2019-04-08 02:30:00,54.1,1.04,19.06
2019-04-08 02:40:00,53.98,1.04,18.86
2019-04-08 02:50:00,53.98,1.04,18.86
2019-04-08 03:00:00,53.98,1.04,18.86
2019-04-08 03:10:00,53.98,1.04,18.86
2019-04-08 03:20:00,53.98,1.04,18.86
2019-04-08 03:30:00,53.98,1.04,18.86
2019-04-08 03:40:00,53.88,1.04,18.65
2019-04-08 03:50:00,53.88,1.04,18.65
2019-04-08 04:00:00,53.88,1.04,18.65
2019-04-08 04:10:00,53.88,1.04,18.65
2019-04-08 04:20:00,53.88,1.04,18.65
2019-04-08 04:30:00,53.88,1.04,18.65
2019-04-08 04:40:00,53.88,1.04,18.65
2019-04-08 04:50:00,53.8,1.04,18.45
2019-04-08 05:00:00,53.8,1.04,18.45
2019-04-08 05:10:00,53.8,1.04,18.45
2019-04-08 05:20:00,53.8,1.04,18.45
2019-04-08 05:30:00,53.57,1.04,18.21
2019-04-08 05:40:00,53.44,1.04,17.99
2019-04-08 05:50:00,53.44,1.04,17.99
2019-04-08 06:00:00,53.44,1.04,17.99
2019-04-08 06:10:00,54.46,1.04,18.47
2019-04-08 06:20:00,53.84,1.04,18.73
2019-04-08 06:30:00,53.36,1.04,18.98
2019-04-08 06:40:00,54.48,1.04,19.22
2019-04-08 06:50:00,54.48,1.04,19.22
2019-04-08 07:00:00,54.48,1.04,19.22
2019-04-08 07:10:00,53.48,1.04,19.43
2019-04-08 07:20:00,53.48,1.04,19.43
2019-04-08 07:30:00,53.48,1.04,19.43
2019-04-08 07:40:00,53.56,1.04,19.63
2019-04-08 07:50:00,53.56,1.04,19.63
2019-04-08 08:00:00,53.56,1.04,19.63
2019-04-08 08:10:00,53.56,1.04,19.63
2019-04-08 08:20:00,53.56,1.04,19.63
2019-04-08 08:30:00,53.56,1.04,19.63
2019-04-08 08:40:00,53.56,1.04,19.63
2019-04-08 08:50:00,53.56,1.04,19.63
2019-04-08 09:00:00,53.56,1.04,19.63
2019-04-08 09:10:00,53.56,1.04,19.63
2019-04-08 09:20:00,53.56,1.04,19.63
2019-04-08 09:30:00,53.56,1.04,19.63
2019-04-08 09:40:00,53.56,1.04,19.63
2019-04-08 09:50:00,53.56,1.04,19.63
2019-04-08 10:00:00,56.46,1.04,19.36
2019-04-08 10:10:00,56.46,1.04,19.36
2019-04-08 10:20:00,56.46,1.04,19.36
2019-04-08 10:30:00,56.46,1.04,19.36
2019-04-08 10:40:00,56.46,1.04,19.36
2019-04-08 10:50:00,55.89,1.04,19.16
2019-04-08 11:00:00,55.89,1.04,19.16
2019-04-08 11:10:00,55.89,1.04,19.16
2019-04-08 11:20:00,55.89,1.04,19.16
2019-04-08 11:30:00,55.89,1.04,19.16
2019-04-08 11:40:00,55.89,1.04,19.16
2019-04-08 11:50:00,55.89,1.04,19.16
2019-04-08 12:00:00,55.89,1.04,19.16
2019-04-08 12:10:00,55.89,1.04,19.16
2019-04-08 12:20:00,55.89,1.04,19.16
2019-04-08 12:30:00,54.79,1.04,18.94
2019-04-08 12:40:00,54.79,1.04,18.94
2019-04-08 12:50:00,54.79,1.04,18.94
2019-04-08 13:00:00,54.79,1.04,18.94
2019-04-08 13:10:00,54.79,1.04,18.94
2019-04-08 13:20:00,54.79,1.04,18.94
2019-04-08 13:30:00,54.76,1.04,19.38
2019-04-08 13:40:00,54.48,1.04,19.59
2019-04-08 13:50:00,54.48,1.04,19.59
2019-04-08 14:00:00,54.48,1.04,19.59
2019-04-08 14:10:00,53.86,1.04,19.79
2019-04-08 14:20:00,53.86,1.04,19.79
2019-04-08 14:30:00,53.86,1.04,19.79
2019-04-08 14:40:00,53.86,1.04,19.79
2019-04-08 14:50:00,53.86,1.04,19.79
2019-04-08 15:00:00,53.86,1.04,19.79
2019-04-08 15:10:00,53.86,1.04,19.79
2019-04-08 15:20:00,53.86,1.04,19.79
2019-04-08 15:30:00,53.86,1.04,19.79
2019-04-08 15:40:00,53.86,1.04,19.79
2019-04-08 15:50:00,53.86,1.04,19.79
2019-04-08 16:00:00,53.86,1.04,19.79
2019-04-08 16:10:00,59.29,1.04,19.82
2019-04-08 16:20:00,59.29,1.04,19.82
2019-04-08 16:30:00,59.29,1.04,19.82
2019-04-08 16:40:00,59.29,1.04,19.82
2019-04-08 16:50:00,59.29,1.04,19.82
2019-04-08 17:00:00,59.29,1.04,19.82
2019-04-08 17:10:00,59.29,1.04,19.82
2019-04-08 17:20:00,59.29,1.04,19.82
2019-04-08 17:30:00,62.47,1.04,20.07
2019-04-08 17:40:00,61.64,1.04,20.27
2019-04-08 17:50:00,60.49,1.04,20.49
2019-04-08 18:00:00,60.49,1.04,20.49
2019-04-08 18:10:00,59.0,1.04,20.69
2019-04-08 18:20:00,59.0,1.04,20.69
2019-04-08 18:30:00,59.0,1.04,20.69
2019-04-08 18:40:00,59.0,1.04,20.69
2019-04-08 18:50:00,59.0,1.04,20.69
2019-04-08 19:00:00,59.0,1.04,20.69
2019-04-08 19:10:00,57.88,1.04,20.94
2019-04-08 19:20:00,57.88,1.04,20.94
2019-04-08 19:30:00,57.88,1.04,20.94
2019-04-08 19:40:00,57.88,1.04,20.94
2019-04-08 19:50:00,57.88,1.04,20.94
2019-04-08 20:00:00,57.88,1.04,20.94
2019-04-08 20:10:00,57.88,1.04,20.94
2019-04-08 20:20:00,57.88,1.04,20.94
2019-04-08 20:30:00,57.88,1.04,20.94
2019-04-08 20:40:00,55.53,1.04,20.73
2019-04-08 20:50:00,55.53,1.04,20.73
2019-04-08 21:00:00,55.53,1.04,20.73
2019-04-08 21:10:00,55.53,1.04,20.73
2019-04-08 21:20:00,54.95,1.04,20.5
2019-04-08 21:30:00,54.95,1.04,20.5
2019-04-08 21:40:00,54.95,1.04,20.5
2019-04-08 21:50:00,54.95,1.04,20.5
2019-04-08 22:00:00,54.95,1.04,20.5
2019-04-08 22:10:00,54.95,1.04,20.5
2019-04-08 22:20:00,54.45,1.04,20.29
2019-04-08 22:30:00,54.45,1.04,20.29
2019-04-08 22:40:00,54.45,1.04,20.29
2019-04-08 22:50:00,54.45,1.04,20.29
2019-04-08 23:00:00,54.45,1.04,20.29
2019-04-08 23:10:00,54.45,1.04,20.29
2019-04-08 23:20:00,53.98,1.04,20.09
2019-04-08 23:30:00,53.98,1.04,20.09
2019-04-08 23:40:00,53.98,1.04,20.09
2019-04-08 23:50:00,53.98,1.04,20.09
2019-04-09 00:00:00,53.98,1.04,20.09
2019-04-09 00:10:00,53.98,1.04,20.09
2019-04-09 00:20:00,53.57,1.04,19.89
2019-04-09 00:30:00,53.57,1.04,19.89
2019-04-09 00:40:00,53.57,1.04,19.89
2019-04-09 00:50:00,53.57,1.04,19.89
2019-04-09 01:00:00,53.57,1.04,19.89
2019-04-09 01:10:00,53.57,1.04,19.89
2019-04-09 01:20:00,53.24,1.04,19.68
2019-04-09 01:30:00,53.24,1.04,19.68
2019-04-09 01:40:00,53.24,1.04,19.68
2019-04-09 01:50:00,53.24,1.04,19.68
2019-04-09 02:00:00,53.24,1.04,19.68
2019-04-09 02:10:00,53.24,1.04,19.68
2019-04-09 02:20:00,53.33,1.04,19.48
2019-04-09 02:30:00,53.33,1.04,19.48
2019-04-09 02:40:00,53.33,1.04,19.48
2019-04-09 02:50:00,53.33,1.04,19.48
2019-04-09 03:00:00,53.33,1.04,19.48
2019-04-09 03:10:00,53.33,1.04,19.48
2019-04-09 03:20:00,53.33,1.04,19.48
2019-04-09 03:30:00,53.11,1.04,19.28
2019-04-09 03:40:00,53.11,1.04,19.28
2019-04-09 03:50:00,53.11,1.04,19.28
2019-04-09 04:00:00,53.11,1.04,19.28
2019-04-09 04:10:00,53.11,1.04,19.28
2019-04-09 04:20:00,53.11,1.04,19.28
2019-04-09 04:30:00,53.11,1.04,19.28
2019-04-09 04:40:00,52.92,1.04,19.07
2019-04-09 04:50:00,52.92,1.04,19.07
2019-04-09 05:00:00,52.92,1.04,19.07
2019-04-09 05:10:00,52.92,1.04,19.07
2019-04-09 05:20:00,52.92,1.04,19.07
2019-04-09 05:30:00,52.92,1.04,19.07
2019-04-09 05:40:00,51.15,1.04,18.87
2019-04-09 05:50:00,51.15,1.04,18.87
2019-04-09 06:00:00,51.15,1.04,18.87
2019-04-09 06:10:00,51.28,1.04,19.36
2019-04-09 06:20:00,51.44,1.04,19.92
2019-04-09 06:30:00,50.3,1.04,20.94
2019-04-09 06:40:00,50.3,1.04,20.94
2019-04-09 06:50:00,51.44,1.04,20.65
2019-04-09 07:00:00,52.41,1.04,20.42
2019-04-09 07:10:00,52.41,1.04,20.42
2019-04-09 07:20:00,52.65,1.04,20.2
2019-04-09 07:30:00,52.65,1.04,20.2
2019-04-09 07:40:00,52.65,1.04,20.2
2019-04-09 07:50:00,52.65,1.04,20.2
2019-04-09 08:00:00,52.6,1.04,19.99
2019-04-09 08:10:00,52.6,1.04,19.99
2019-04-09 08:20:00,52.6,1.04,19.99
2019-04-09 08:30:00,52.6,1.04,19.99
2019-04-09 08:40:00,52.6,1.04,19.99
2019-04-09 08:50:00,52.6,1.04,19.99
2019-04-09 09:00:00,52.6,1.04,19.99
2019-04-09 09:10:00,52.6,1.04,19.99
2019-04-09 09:20:00,52.32,1.04,19.78
2019-04-09 09:30:00,52.32,1.04,19.78
2019-04-09 09:40:00,53.12,1.04,19.98
2019-04-09 09:50:00,53.12,1.04,19.98
2019-04-09 10:00:00,53.23,1.04,20.21
2019-04-09 10:10:00,53.13,1.04,20.42
2019-04-09 10:20:00,53.13,1.04,20.42
2019-04-09 10:30:00,53.13,1.04,20.42
2019-04-09 10:40:00,53.13,1.04,20.42
2019-04-09 10:50:00,53.13,1.04,20.42
2019-04-09 11:00:00,53.13,1.04,20.42
2019-04-09 11:10:00,53.13,1.04,20.42
2019-04-09 11:20:00,53.13,1.04,20.42
2019-04-09 11:30:00,53.13,1.04,20.42
2019-04-09 11:40:00,53.13,1.04,20.42
2019-04-09 11:50:00,53.13,1.04,20.42
2019-04-09 12:00:00,53.13,1.04,20.42
2019-04-09 12:10:00,53.13,1.04,20.42
2019-04-09 12:20:00,53.13,1.04,20.42
2019-04-09 12:30:00,53.13,1.04,20.42
2019-04-09 12:40:00,53.13,1.04,20.42
2019-04-09 12:50:00,53.14,1.04,20.22
2019-04-09 13:00:00,53.14,1.04,20.22
2019-04-09 13:10:00,53.14,1.04,20.22
2019-04-09 13:20:00,53.14,1.04,20.22
2019-04-09 13:30:00,53.14,1.04,20.22
2019-04-09 13:40:00,53.14,1.04,20.22
2019-04-09 13:50:00,53.14,1.04,20.22
2019-04-09 14:00:00,53.14,1.04,20.22
2019-04-09 14:10:00,53.14,1.04,20.22
2019-04-09 14:20:00,53.14,1.04,20.22
2019-04-09 14:30:00,53.14,1.04,20.22
2019-04-09 14:40:00,53.14,1.04,20.22
2019-04-09 14:50:00,53.14,1.04,20.22
2019-04-09 15:00:00,53.14,1.04,20.22
2019-04-09 15:10:00,53.14,1.04,20.22
2019-04-09 15:20:00,53.14,1.04,20.22
2019-04-09 15:30:00,53.14,1.04,20.22
2019-04-09 15:40:00,52.95,1.04,20.44
2019-04-09 15:50:00,52.73,1.04,20.66
2019-04-09 16:00:00,52.73,1.04,20.66
2019-04-09 16:10:00,52.51,1.04,20.86
2019-04-09 16:20:00,52.51,1.04,20.86
2019-04-09 16:30:00,52.51,1.04,20.86
2019-04-09 16:40:00,52.51,1.04,20.86
2019-04-09 16:50:00,52.51,1.04,20.86
2019-04-09 17:00:00,53.44,1.04,21.07
2019-04-09 17:10:00,53.44,1.04,21.07
2019-04-09 17:20:00,53.44,1.04,21.07
2019-04-09 17:30:00,53.44,1.04,21.07
2019-04-09 17:40:00,53.44,1.04,21.07
2019-04-09 17:50:00,53.44,1.04,21.07
2019-04-09 18:00:00,53.44,1.04,21.07
2019-04-09 18:10:00,53.57,1.04,21.27
2019-04-09 18:20:00,53.6,1.04,21.5
2019-04-09 18:30:00,53.6,1.04,21.5
2019-04-09 18:40:00,53.6,1.04,21.5
2019-04-09 18:50:00,53.6,1.04,21.5
2019-04-09 19:00:00,53.6,1.04,21.5
2019-04-09 19:10:00,53.6,1.04,21.5
2019-04-09 19:20:00,54.72,1.04,21.71
2019-04-09 19:30:00,54.72,1.04,21.71
2019-04-09 19:40:00,55.34,1.04,21.49
2019-04-09 19:50:00,55.34,1.04,21.49
2019-04-09 20:00:00,55.34,1.04,21.49
2019-04-09 20:10:00,55.34,1.04,21.49
2019-04-09 20:20:00,54.47,1.04,21.28
2019-04-09 20:30:00,54.47,1.04,21.28
2019-04-09 20:40:00,54.47,1.04,21.28
2019-04-09 20:50:00,54.47,1.04,21.28
2019-04-09 21:00:00,54.47,1.04,21.28
2019-04-09 21:10:00,53.66,1.04,21.08
2019-04-09 21:20:00,53.66,1.04,21.08
2019-04-09 21:30:00,53.66,1.04,21.08
2019-04-09 21:40:00,53.66,1.04,21.08
2019-04-09 21:50:00,53.66,1.04,21.08
2019-04-09 22:00:00,53.15,1.04,20.84
2019-04-09 22:10:00,53.15,1.04,20.84
2019-04-09 22:20:00,53.15,1.04,20.84
2019-04-09 22:30:00,53.15,1.04,20.84
2019-04-09 22:40:00,53.15,1.04,20.84
2019-04-09 22:50:00,53.15,1.04,20.84
2019-04-09 23:00:00,53.15,1.04,20.84
2019-04-09 23:10:00,52.84,1.04,20.63
2019-04-09 23:20:00,52.84,1.04,20.63
2019-04-09 23:30:00,52.84,1.04,20.63
2019-04-09 23:40:00,52.84,1.04,20.63
2019-04-09 23:50:00,52.84,1.04,20.63
2019-04-10 00:00:00,52.84,1.04,20.63
2019-04-10 00:10:00,52.84,1.04,20.63
2019-04-10 00:20:00,52.64,1.04,20.4
2019-04-10 00:30:00,52.64,1.04,20.4
2019-04-10 00:40:00,52.64,1.04,20.4
2019-04-10 00:50:00,52.64,1.04,20.4
2019-04-10 01:00:00,52.64,1.04,20.4
2019-04-10 01:10:00,52.64,1.04,20.4
2019-04-10 01:20:00,52.6,1.04,20.18
2019-04-10 01:30:00,52.6,1.04,20.18
2019-04-10 01:40:00,52.6,1.04,20.18
2019-04-10 01:50:00,52.6,1.04,20.18
2019-04-10 02:00:00,52.6,1.04,20.18
2019-04-10 02:10:00,52.6,1.04,20.18
2019-04-10 02:20:00,52.6,1.04,20.18
2019-04-10 02:30:00,52.61,1.04,19.97
2019-04-10 02:40:00,52.61,1.04,19.97
2019-04-10 02:50:00,52.61,1.04,19.97
2019-04-10 03:00:00,52.61,1.04,19.97
2019-04-10 03:10:00,52.61,1.04,19.97
2019-04-10 03:20:00,52.61,1.04,19.97
2019-04-10 03:30:00,52.61,1.04,19.97
2019-04-10 03:40:00,52.63,1.04,19.77
2019-04-10 03:50:00,52.63,1.04,19.77
2019-04-10 04:00:00,52.63,1.04,19.77
2019-04-10 04:10:00,52.63,1.04,19.77
2019-04-10 04:20:00,52.63,1.04,19.77
2019-04-10 04:30:00,52.63,1.04,19.77
2019-04-10 04:40:00,52.63,1.04,19.77
2019-04-10 04:50:00,52.52,1.04,19.55
2019-04-10 05:00:00,52.52,1.04,19.55
2019-04-10 05:10:00,52.52,1.04,19.55
2019-04-10 05:20:00,52.52,1.04,19.55
2019-04-10 05:30:00,52.18,1.04,19.35
2019-04-10 05:40:00,52.18,1.04,19.35
2019-04-10 05:50:00,52.18,1.04,19.35
2019-04-10 06:00:00,52.84,1.04,19.8
2019-04-10 06:10:00,53.47,1.04,20.01
2019-04-10 06:20:00,53.47,1.04,20.01
2019-04-10 06:30:00,53.49,1.04,20.21
2019-04-10 06:40:00,53.49,1.04,20.21
2019-04-10 06:50:00,53.49,1.04,20.21
2019-04-10 07:00:00,53.49,1.04,20.21
2019-04-10 07:10:00,53.49,1.04,20.21
2019-04-10 07:20:00,53.49,1.04,20.21
2019-04-10 07:30:00,53.49,1.04,20.21
2019-04-10 07:40:00,53.49,1.04,20.21
2019-04-10 07:50:00,53.49,1.04,20.21
2019-04-10 08:00:00,53.28,1.04,20.01
2019-04-10 08:10:00,53.28,1.04,20.01
2019-04-10 08:20:00,53.28,1.04,20.01
2019-04-10 08:30:00,53.28,1.04,20.01
2019-04-10 08:40:00,53.28,1.04,20.01
2019-04-10 08:50:00,53.28,1.04,20.01
2019-04-10 09:00:00,53.44,1.04,19.8
2019-04-10 09:10:00,53.44,1.04,19.8
2019-04-10 09:20:00,53.44,1.04,19.8
2019-04-10 09:30:00,53.44,1.04,19.8
2019-04-10 09:40:00,53.44,1.04,19.8
2019-04-10 09:50:00,54.41,1.04,20.02
2019-04-10 10:00:00,54.51,1.04,20.22
2019-04-10 10:10:00,54.82,1.04,20.43
2019-04-10 10:20:00,54.82,1.04,20.43
2019-04-10 10:30:00,54.82,1.04,20.43
2019-04-10 10:40:00,54.82,1.04,20.43
2019-04-10 10:50:00,54.82,1.04,20.43
2019-04-10 11:00:00,54.82,1.04,20.43
2019-04-10 11:10:00,54.82,1.04,20.43
2019-04-10 11:20:00,54.82,1.04,20.43
2019-04-10 11:30:00,54.82,1.04,20.43
2019-04-10 11:40:00,54.82,1.04,20.43
2019-04-10 11:50:00,54.82,1.04,20.43
2019-04-10 12:00:00,54.82,1.04,20.43
2019-04-10 12:10:00,54.82,1.04,20.43
2019-04-10 12:20:00,54.82,1.04,20.43
2019-04-10 12:30:00,54.82,1.04,20.43
2019-04-10 12:40:00,54.82,1.04,20.43
2019-04-10 12:50:00,54.82,1.04,20.43
2019-04-10 13:00:00,54.69,1.04,20.21
2019-04-10 13:10:00,54.69,1.04,20.21
2019-04-10 13:20:00,54.69,1.04,20.21
2019-04-10 13:30:00,54.69,1.04,20.21
2019-04-10 13:40:00,54.69,1.04,20.21
2019-04-10 13:50:00,54.69,1.04,20.21
2019-04-10 14:00:00,54.69,1.04,20.21
2019-04-10 14:10:00,54.69,1.04,20.21
2019-04-10 14:20:00,54.69,1.04,20.21
2019-04-10 14:30:00,54.69,1.04,20.21
2019-04-10 14:40:00,54.69,1.04,20.21
2019-04-10 14:50:00,54.69,1.04,20.21
2019-04-10 15:00:00,54.69,1.04,20.21
2019-04-10 15:10:00,54.69,1.04,20.21
2019-04-10 15:20:00,54.69,1.04,20.21
2019-04-10 15:30:00,54.69,1.04,20.21
2019-04-10 15:40:00,54.69,1.04,20.21
2019-04-10 15:50:00,56.27,1.04,19.99
2019-04-10 16:00:00,56.27,1.04,19.99
2019-04-10 16:10:00,56.27,1.04,19.99
2019-04-10 16:20:00,56.27,1.04,19.99
2019-04-10 16:30:00,56.27,1.04,19.99
2019-04-10 16:40:00,56.27,1.04,19.99
2019-04-10 16:50:00,59.15,1.04,20.21
2019-04-10 17:00:00,59.07,1.04,20.41
2019-04-10 17:10:00,58.59,1.04,20.62
2019-04-10 17:20:00,57.86,1.04,20.82
2019-04-10 17:30:00,57.86,1.04,20.82
2019-04-10 17:40:00,56.98,1.04,21.03
2019-04-10 17:50:00,56.98,1.04,21.03
2019-04-10 18:00:00,56.98,1.04,21.03
2019-04-10 18:10:00,56.98,1.04,21.03
2019-04-10 18:20:00,56.98,1.04,21.03
2019-04-10 18:30:00,56.98,1.04,21.03
2019-04-10 18:40:00,56.98,1.04,21.03
2019-04-10 18:50:00,56.98,1.04,21.03
2019-04-10 19:00:00,57.29,1.04,21.27
2019-04-10 19:10:00,57.11,1.04,21.51
2019-04-10 19:20:00,57.11,1.04,21.51
2019-04-10 19:30:00,57.11,1.04,21.51
2019-04-10 19:40:00,57.11,1.04,21.51
2019-04-10 19:50:00,57.08,1.04,21.29
2019-04-10 20:00:00,57.08,1.04,21.29
2019-04-10 20:10:00,57.08,1.04,21.29
2019-04-10 20:20:00,57.08,1.04,21.29
2019-04-10 20:30:00,57.08,1.04,21.29
2019-04-10 20:40:00,55.93,1.04,21.09
2019-04-10 20:50:00,55.93,1.04,21.09
2019-04-10 21:00:00,55.93,1.04,21.09
2019-04-10 21:10:00,55.93,1.04,21.09
2019-04-10 21:20:00,55.93,1.04,21.09
2019-04-10 21:30:00,55.5,1.04,20.83
2019-04-10 21:40:00,55.5,1.04,20.83
2019-04-10 21:50:00,55.5,1.04,20.83
2019-04-10 22:00:00,55.5,1.04,20.83
2019-04-10 22:10:00,55.5,1.04,20.83
2019-04-10 22:20:00,55.5,1.04,20.83
2019-04-10 22:30:00,55.5,1.04,20.83
2019-04-10 22:40:00,55.24,1.04,20.63
2019-04-10 22:50:00,55.24,1.04,20.63
2019-04-10 23:00:00,55.24,1.04,20.63
2019-04-10 23:10:00,55.24,1.04,20.63
2019-04-10 23:20:00,55.24,1.04,20.63
2019-04-10 23:30:00,55.24,1.04,20.63
2019-04-10 23:40:00,55.04,1.04,20.42
2019-04-10 23:50:00,55.04,1.04,20.42
2019-04-11 00:00:00,55.04,1.04,20.42
2019-04-11 00:10:00,55.04,1.04,20.42
2019-04-11 00:20:00,55.04,1.04,20.42
2019-04-11 00:30:00,55.04,1.04,20.42
2019-04-11 00:40:00,55.04,1.04,20.42
2019-04-11 00:50:00,55.04,1.04,20.42
2019-04-11 01:00:00,55.14,1.04,20.21
2019-04-11 01:10:00,55.14,1.04,20.21
2019-04-11 01:20:00,55.14,1.04,20.21
2019-04-11 01:30:00,55.14,1.04,20.21
2019-04-11 01:40:00,55.14,1.04,20.21
2019-04-11 01:50:00,55.14,1.04,20.21
2019-04-11 02:00:00,55.14,1.04,20.21
2019-04-11 02:10:00,55.14,1.04,20.21
2019-04-11 02:20:00,55.29,1.04,20.01
2019-04-11 02:30:00,55.29,1.04,20.01
2019-04-11 02:40:00,55.29,1.04,20.01
2019-04-11 02:50:00,55.29,1.04,20.01
2019-04-11 03:00:00,55.29,1.04,20.01
2019-04-11 03:10:00,55.29,1.04,20.01
2019-04-11 03:20:00,55.29,1.04,20.01
2019-04-11 03:30:00,55.29,1.04,20.01
2019-04-11 03:40:00,55.54,1.04,19.78
2019-04-11 03:50:00,55.54,1.04,19.78
2019-04-11 04:00:00,55.54,1.04,19.78
2019-04-11 04:10:00,55.54,1.04,19.78
2019-04-11 04:20:00,55.54,1.04,19.78
2019-04-11 04:30:00,55.54,1.04,19.78
2019-04-11 04:40:00,55.54,1.04,19.78
2019-04-11 04:50:00,55.54,1.04,19.78
2019-04-11 05:00:00,55.4,1.04,19.58
2019-04-11 05:10:00,55.4,1.04,19.58
2019-04-11 05:20:00,55.4,1.04,19.58
2019-04-11 05:30:00,56.3,1.04,19.33
2019-04-11 05:40:00,56.3,1.04,19.33
2019-04-11 05:50:00,56.3,1.04,19.33
2019-04-11 06:00:00,56.3,1.04,19.33
2019-04-11 06:10:00,57.08,1.04,19.58
2019-04-11 06:20:00,57.03,1.04,19.78
2019-04-11 06:30:00,56.75,1.04,20.02
2019-04-11 06:40:00,56.43,1.04,20.27
2019-04-11 06:50:00,56.43,1.04,20.27
2019-04-11 07:00:00,57.04,1.04,20.49
2019-04-11 07:10:00,57.04,1.04,20.49
2019-04-11 07:20:00,57.04,1.04,20.49
2019-04-11 07:30:00,57.04,1.04,20.49
2019-04-11 07:40:00,57.04,1.04,20.49
2019-04-11 07:50:00,57.04,1.04,20.49
2019-04-11 08:00:00,57.04,1.04,20.49
2019-04-11 08:10:00,57.04,1.04,20.49
2019-04-11 08:20:00,57.04,1.04,20.49
2019-04-11 08:30:00,57.04,1.04,20.49
2019-04-11 08:40:00,55.71,1.04,20.28
2019-04-11 08:50:00,55.71,1.04,20.28
2019-04-11 09:00:00,55.71,1.04,20.28
2019-04-11 09:10:00,55.71,1.04,20.28
2019-04-11 09:20:00,55.71,1.04,20.28
2019-04-11 09:30:00,55.71,1.04,20.28
2019-04-11 09:40:00,55.87,1.04,20.51
2019-04-11 09:50:00,55.63,1.04,20.75
2019-04-11 10:00:00,55.63,1.04,20.75
2019-04-11 10:10:00,56.55,1.04,20.96
2019-04-11 10:20:00,56.55,1.04,20.96
2019-04-11 10:30:00,56.55,1.04,20.96
2019-04-11 10:40:00,56.55,1.04,20.96
2019-04-11 10:50:00,56.55,1.04,20.96
2019-04-11 11:00:00,56.55,1.04,20.96
2019-04-11 11:10:00,56.08,1.04,20.76
2019-04-11 11:20:00,56.08,1.04,20.76
2019-04-11 11:30:00,56.08,1.04,20.76
2019-04-11 11:40:00,56.08,1.04,20.76
2019-04-11 11:50:00,56.08,1.04,20.76
2019-04-11 12:00:00,56.08,1.04,20.76
2019-04-11 12:10:00,55.71,1.04,20.53
2019-04-11 12:20:00,55.71,1.04,20.53
2019-04-11 12:30:00,55.71,1.04,20.53
2019-04-11 12:40:00,55.71,1.04,20.53
2019-04-11 12:50:00,55.71,1.04,20.53
2019-04-11 13:00:00,55.71,1.04,20.53
2019-04-11 13:10:00,56.03,1.04,20.31
2019-04-11 13:20:00,56.03,1.04,20.31
2019-04-11 13:30:00,56.03,1.04,20.31
2019-04-11 13:40:00,56.24,1.04,20.51
2019-04-11 13:50:00,56.15,1.04,20.71
2019-04-11 14:00:00,55.81,1.04,20.94
2019-04-11 14:10:00,55.81,1.04,20.94
2019-04-11 14:20:00,55.67,1.04,21.15
2019-04-11 14:30:00,55.67,1.04,21.15
2019-04-11 14:40:00,55.67,1.04,21.15
2019-04-11 14:50:00,55.67,1.04,21.15
2019-04-11 15:00:00,55.67,1.04,21.15
2019-04-11 15:10:00,55.67,1.04,21.15
2019-04-11 15:20:00,55.67,1.04,21.15
2019-04-11 15:30:00,55.67,1.04,21.15
2019-04-11 15:40:00,55.69,1.04,21.39
2019-04-11 15:50:00,55.69,1.04,21.39
2019-04-11 16:00:00,55.69,1.04,21.39
2019-04-11 16:10:00,55.82,1.04,21.6
2019-04-11 16:20:00,55.82,1.04,21.6
2019-04-11 16:30:00,55.82,1.04,21.6
2019-04-11 16:40:00,55.82,1.04,21.6
2019-04-11 16:50:00,55.82,1.04,21.6
2019-04-11 17:00:00,55.82,1.04,21.6
2019-04-11 17:10:00,55.82,1.04,21.6
2019-04-11 17:20:00,55.82,1.04,21.6
2019-04-11 17:30:00,55.82,1.04,21.6
2019-04-11 17:40:00,55.82,1.04,21.6
2019-04-11 17:50:00,55.82,1.04,21.6
2019-04-11 18:00:00,55.82,1.04,21.6
2019-04-11 18:10:00,55.82,1.04,21.6
2019-04-11 18:20:00,55.82,1.04,21.6
2019-04-11 18:30:00,55.82,1.04,21.6
2019-04-11 18:40:00,55.82,1.04,21.6
2019-04-11 18:50:00,55.82,1.04,21.6
2019-04-11 19:00:00,55.82,1.04,21.6
2019-04-11 19:10:00,57.53,1.04,21.84
2019-04-11 19:20:00,57.53,1.04,21.84
2019-04-11 19:30:00,57.94,1.04,21.6
2019-04-11 19:40:00,57.94,1.04,21.6
2019-04-11 19:50:00,57.71,1.04,21.38
2019-04-11 20:00:00,57.71,1.04,21.38
2019-04-11 20:10:00,57.71,1.04,21.38
2019-04-11 20:20:00,57.71,1.04,21.38
2019-04-11 20:30:00,57.54,1.04,21.17
2019-04-11 20:40:00,57.54,1.04,21.17
2019-04-11 20:50:00,57.54,1.04,21.17
2019-04-11 21:00:00,57.54,1.04,21.17
2019-04-11 21:10:00,57.39,1.04,20.96
2019-04-11 21:20:00,57.39,1.04,20.96
2019-04-11 21:30:00,57.39,1.04,20.96
2019-04-11 21:40:00,57.39,1.04,20.96
2019-04-11 21:50:00,57.39,1.04,20.96
2019-04-11 22:00:00,57.46,1.04,20.76
2019-04-11 22:10:00,57.46,1.04,20.76
2019-04-11 22:20:00,57.46,1.04,20.76
2019-04-11 22:30:00,57.46,1.04,20.76
2019-04-11 22:40:00,57.46,1.04,20.76
2019-04-11 22:50:00,57.46,1.04,20.76
2019-04-11 23:00:00,57.45,1.04,20.54
2019-04-11 23:10:00,57.45,1.04,20.54
2019-04-11 23:20:00,57.45,1.04,20.54
2019-04-11 23:30:00,57.45,1.04,20.54
2019-04-11 23:40:00,57.45,1.04,20.54
2019-04-11 23:50:00,57.45,1.04,20.54
2019-04-12 00:00:00,57.59,1.04,20.34
2019-04-12 00:10:00,57.59,1.04,20.34
2019-04-12 00:20:00,57.59,1.04,20.34
2019-04-12 00:30:00,57.59,1.04,20.34
2019-04-12 00:40:00,57.59,1.04,20.34
2019-04-12 00:50:00,57.59,1.04,20.34
2019-04-12 01:00:00,57.59,1.04,20.34
2019-04-12 01:10:00,57.79,1.04,20.13
2019-04-12 01:20:00,57.79,1.04,20.13
2019-04-12 01:30:00,57.79,1.04,20.13
2019-04-12 01:40:00,57.79,1.04,20.13
2019-04-12 01:50:00,57.79,1.04,20.13
2019-04-12 02:00:00,57.79,1.04,20.13
2019-04-12 02:10:00,57.79,1.04,20.13
2019-04-12 02:20:00,57.79,1.04,20.13
2019-04-12 02:30:00,57.71,1.04,19.91
2019-04-12 02:40:00,57.71,1.04,19.91
2019-04-12 02:50:00,57.71,1.04,19.91
2019-04-12 03:00:00,57.71,1.04,19.91
2019-04-12 03:10:00,57.71,1.04,19.91
2019-04-12 03:20:00,57.71,1.04,19.91
2019-04-12 03:30:00,57.71,1.04,19.91
2019-04-12 03:40:00,57.71,1.04,19.91
2019-04-12 03:50:00,57.75,1.04,19.7
2019-04-12 04:00:00,57.75,1.04,19.7
2019-04-12 04:10:00,57.75,1.04,19.7
2019-04-12 04:20:00,57.75,1.04,19.7
2019-04-12 04:30:00,57.75,1.04,19.7
2019-04-12 04:40:00,57.75,1.04,19.7
2019-04-12 04:50:00,57.75,1.04,19.7
2019-04-12 05:00:00,57.75,1.04,19.7
2019-04-12 05:10:00,57.75,1.04,19.7
2019-04-12 05:20:00,58.42,1.04,19.47
2019-04-12 05:30:00,58.42,1.04,19.47
2019-04-12 05:40:00,58.42,1.04,19.47
2019-04-12 05:50:00,58.42,1.04,19.47
2019-04-12 06:00:00,58.42,1.04,19.47
2019-04-12 06:10:00,58.99,1.04,19.73
2019-04-12 06:20:00,58.78,1.04,19.95
2019-04-12 06:30:00,58.35,1.04,20.17
2019-04-12 06:40:00,58.35,1.04,20.17
2019-04-12 06:50:00,58.35,1.04,20.17
2019-04-12 07:00:00,58.35,1.04,20.17
2019-04-12 07:10:00,58.35,1.04,20.17
2019-04-12 07:20:00,58.35,1.04,20.17
2019-04-12 07:30:00,58.35,1.04,20.17
2019-04-12 07:40:00,58.35,1.04,20.17
2019-04-12 07:50:00,58.35,1.04,20.17
2019-04-12 08:00:00,58.35,1.04,20.17
2019-04-12 08:10:00,58.35,1.04,20.17
2019-04-12 08:20:00,58.35,1.04,20.17
2019-04-12 08:30:00,58.35,1.04,20.17
2019-04-12 08:40:00,58.36,1.04,19.96
2019-04-12 08:50:00,58.36,1.04,19.96
2019-04-12 09:00:00,58.36,1.04,19.96
2019-04-12 09:10:00,58.36,1.04,19.96
2019-04-12 09:20:00,58.62,1.04,20.19
